asset_id,media_component_id
A104733901667902,
A112530210206935,2_Acts-0-0
A112539331134677,
A112539331134677,2_Acts73??-0-0
A112539331134677,2_Acts7317-0-0
A116722090560098,2_Acts7339-0-0
A116722090560098,2_Acts-0-0
A119651413380415,2_Acts7371-0-0
A119651413380415,
A121629490602184,2_Acts-0-0
A128371089496269,
A132213754571642,2_Acts7361-0-0
A141167143854512,
A142716004647467,2_Acts7339-0-0
A144731325417604,2_Acts7301-0-0
A145834801773351,2_0-Ctrl-Z
A149016372599699,
A149016372599699,2_Acts-0-0
A149125289933252,2_Acts7314-0-0
A149125289933252,2_Acts-0-0
A149125289933252,
A149125289933252,1_jf61??-0-0
A152254760738873,2_Acts7349-0-0
A152254760738873,2_Acts-0-0
A152254760738873,
A154031529602387,
A162644200787420,2_Acts7305-0-0
A162644200787420,
A162644200787420,2_Acts-0-0
A166666071154685,2_Acts-0-0
A166666071154685,2_Acts7355-0-0
A166666071154685,
A168219764682933,2_Acts7305-0-0
A170842836222939,
A170842836222939,2_Acts7302-0-0
A172532021517110,2_Acts-0-0
A176603811155798,2_Acts7302-0-0
A176603811155798,
A182952688532900,
A189184205170576,
A189184205170576,2_Acts-0-0
A197349874615371,
A197349874615371,2_Acts7329-0-0
A197349874615371,2_Acts7307-0-0
A197349874615371,1_jf61??-0-0
A199271715979643,2_Acts7305-0-0
A199271715979643,2_Acts-0-0
A199271715979643,
A201775424158902,2_Acts7347-0-0
A202279646444134,
A207073550332161,
A208141554945502,2_Acts7338-0-0
A214301638493628,
A214301638493628,2_Acts7308-0-0
A219622159791806,7_0-nfs0602
A231057678648484,2_Acts-0-0
A231073594550087,2_Acts-0-0
A231167809729598,2_Acts7329-0-0
A231167809729598,2_Acts7330-0-0
A234275082966109,
A242499169305449,
A242499169305449,2_Acts-0-0
A246378629462119,2_Acts7316-0-0
A246378629462119,2_Acts73??-0-0
A251384078911994,2_Acts-0-0
A254560872504180,
A263178501612127,
A271037828970389,
A273160843793432,2_Acts-0-0
A274268870330872,2_Acts7359-0-0
A275498513830009,
A277154902128001,2_Acts7303-0-0
A277154902128001,
A280833650551142,2_Acts7347-0-0
A285462185739400,
A285462185739400,2_Acts-0-0
A285462185739400,2_Acts7366-0-0
A292164770223897,2_Acts7345-0-0
A292905668904051,2_Acts7349-0-0
A292905668904051,
A292905668904051,2_Acts-0-0
A294313828252051,2_Acts7369-0-0
A301829645522942,2_Acts-0-0
A301829645522942,
A310331226470339,2_Acts7359-0-0
A312634730828262,
A312634730828262,2_Acts7322-0-0
A312835917548452,2_Acts7325-0-0
A315861259472566,
A315861259472566,2_Acts7358-0-0
A322206583637021,
A322206583637021,2_Acts7304-0-0
A322206583637021,2_Acts-0-0
A322206583637021,1_jf61??-0-0
A334870233517491,
A334870233517491,2_Acts7317-0-0
A334870233517491,2_Acts7314-0-0
A334988485570104,2_0-La-Liberte
A344575128205397,
A349589329847871,2_Acts7321-0-0
A349749636847709,
A349749636847709,2_Acts7328-0-0
A351652459188609,
A352204302988378,2_Acts-0-0
A352204302988378,
A356820818868617,2_Acts-0-0
A356820818868617,
A357995400750095,2_Acts7335-0-0
A357995400750095,2_Acts73??-0-0
A360579292224336,
A361208586848999,
A371172673470496,2_Acts7307-0-0
A382159447810462,2_Acts-0-0
A391661488241351,2_Acts7352-0-0
A399468999273072,
A399468999273072,2_Acts7331-0-0
A404778436408240,2_Acts-0-0
A404778436408240,
A405395926554562,
A407851620305220,1_jf61??-0-0
A412635038947507,7_0-nfs0602
A413132634383208,
A413132634383208,2_Acts7364-0-0
A414776699478259,
A414880231191706,2_Acts7337-0-0
A414880231191706,
A414880231191706,2_Acts73??-0-0
A418388451070644,2_Acts7346-0-0
A419017544835502,2_Acts7335-0-0
A419017544835502,
A419017544835502,2_Acts-0-0
A419017544835502,2_Acts7301-0-0
A419017544835502,2_Acts7304-0-0
A419017544835502,2_Acts7303-0-0
A419017544835502,2_Acts7331-0-0
A419017544835502,2_Acts7305-0-0
A419017544835502,2_Acts7324-0-0
A419017544835502,1_jf61??-0-0
A419017544835502,2_Acts7353-0-0
A419017544835502,2_Acts7355-0-0
A419017544835502,2_Acts7321-0-0
A419017544835502,2_Acts7329-0-0
A419017544835502,2_Acts7352-0-0
A419017544835502,2_Acts7302-0-0
A419017544835502,2_Acts7325-0-0
A419017544835502,2_Acts73??-0-0
A419017544835502,2_Acts7371-0-0
A419017544835502,2_Acts7349-0-0
A419017544835502,2_Acts7328-0-0
A419017544835502,2_Acts7322-0-0
A419017544835502,2_Acts7361-0-0
A419017544835502,2_Acts7323-0-0
A419017544835502,2_Acts7373-0-0
A419017544835502,2_Acts7339-0-0
A419017544835502,1_jf-0-0
A431196688672107,
A431196688672107,1_jf61??-0-0
A431196688672107,2_Acts7311-0-0
A431196688672107,2_Acts73??-0-0
A433701477801193,1_jf61??-0-0
A433701477801193,2_Acts7309-0-0
A433701477801193,
A436277096818389,2_Acts7315-0-0
A436439434957465,
A445182829431721,
A447322231280987,2_Acts7348-0-0
A447322231280987,2_Acts7364-0-0
A447322231280987,
A450586519994528,2_Acts7353-0-0
A455388402014603,
A455388402014603,2_Acts7373-0-0
A456138849640798,
A456138849640798,2_Acts7311-0-0
A456138849640798,2_Acts-0-0
A458763794176666,2_Acts-0-0
A458763794176666,
A460154962381812,2_Acts7325-0-0
A462124124718049,2_Acts-0-0
A463557900340750,2_Acts-0-0
A463557900340750,
A463557900340750,2_Acts7331-0-0
A463557900340750,2_Acts7329-0-0
A468954862155007,2_Acts7313-0-0
A468954862155007,
A468954862155007,1_jf61??-0-0
A475519171788497,2_Acts-0-0
A476942385752061,2_Acts7312-0-0
A484410736234197,2_Acts-0-0
A484410736234197,
A485092084000836,
A485092084000836,1_jf61??-0-0
A485092084000836,2_Acts-0-0
A486816063699709,2_Acts7367-0-0
A490884542056552,2_Acts-0-0
A491208037341638,
A493254739856518,2_Acts-0-0
A496497520478390,
A503852656108359,2_Acts7344-0-0
A505628490225374,
A512858998836635,
A512858998836635,1_jf61??-0-0
A512858998836635,2_Acts7345-0-0
A514303496876190,2_Acts-0-0
A514303496876190,
A515692893918353,2_Acts-0-0
A519665493858678,2_Acts-0-0
A519665493858678,
A527470235977999,
A527470235977999,1_jf61??-0-0
A527470235977999,2_Acts7315-0-0
A530206352667220,2_Acts7363-0-0
A530553072012382,2_Acts7330-0-0
A530553072012382,
A530553072012382,2_Acts7349-0-0
A532366388788468,2_Acts7356-0-0
A532366388788468,
A532366388788468,2_Acts-0-0
A536549236582961,2_Acts-0-0
A539383933851569,
A543923026814146,2_Acts7335-0-0
A543923026814146,2_Acts-0-0
A543923026814146,
A546368271570012,
A546368271570012,2_Acts7322-0-0
A546368271570012,2_Acts-0-0
A546368271570012,1_jf61??-0-0
A548314120682840,
A549170299906678,2_0-Doll-Face
A555546988956900,2_Acts-0-0
A555546988956900,2_Acts7367-0-0
A555546988956900,
A561669000664961,2_Acts7371-0-0
A566517700721631,2_Acts-0-0
A567591047420091,
A567591047420091,2_Acts7373-0-0
A567591047420091,2_Acts-0-0
A567748505290664,
A568703538866687,2_Acts7368-0-0
A576328738613361,1_jf61??-0-0
A578056046887124,
A580262268549140,
A581951322480819,2_Acts73??-0-0
A583912240404916,
A591149184728393,2_Acts7314-0-0
A592482443739865,
A592482443739865,2_Acts-0-0
A602979411295128,
A602979411295128,2_Acts7307-0-0
A602979411295128,2_Acts-0-0
A602979411295128,1_jf61??-0-0
A608792655256881,2_Acts7306-0-0
A610642039348104,
A626963561644983,2_Acts-0-0
A626963561644983,
A626963561644983,1_jf61??-0-0
A628127801823345,
A629258720047365,2_Acts7309-0-0
A629258720047365,
A638133147095919,
A638133147095919,2_Acts7304-0-0
A638133147095919,2_Acts-0-0
A639576435854494,2_Acts7366-0-0
A641802895800005,2_Acts7329-0-0
A642850323188999,2_Acts7301-0-0
A643547811811164,
A647308346837544,2_Acts7364-0-0
A655942566146171,
A655942566146171,2_Acts7328-0-0
A658090367346999,2_Acts-0-0
A658090367346999,
A658090367346999,2_Acts7336-0-0
A661229505956570,2_Acts-0-0
A661229505956570,
A670526838900164,2_0-La-Liberte
A672180490664900,
A673316316249698,
A673316316249698,2_Acts-0-0
A674698181716563,
A675535421785351,
A681764845690206,2_Acts-0-0
A681764845690206,
A682566434822635,2_Acts7303-0-0
A682566434822635,
A682566434822635,2_Acts-0-0
A682570347218942,2_Acts-0-0
A682570347218942,
A683659771861290,2_Acts7355-0-0
A683659771861290,
A690820223589150,2_Acts7312-0-0
A690921069700441,2_Acts7327-0-0
A696399120485706,2_Acts-0-0
A698257820887118,
A698257820887118,2_Acts7335-0-0
A698257820887118,2_Acts-0-0
A703452480208933,2_Acts7316-0-0
A703452480208933,
A705375399039605,
A706571613146229,
A711772329361718,2_Acts-0-0
A718652243762792,2_Acts7315-0-0
A720002713274352,
A720002713274352,1_jf61??-0-0
A720002713274352,2_Acts7303-0-0
A720002713274352,2_Acts73??-0-0
A720331714802297,2_Acts7364-0-0
A722691446568447,2_Acts-0-0
A722691446568447,
A722691446568447,2_Acts7307-0-0
A730223929071117,
A738641432419704,2_Acts7305-0-0
A740938221644777,2_Acts7362-0-0
A742485572378997,2_Acts-0-0
A742485572378997,
A745745158781524,2_Acts7357-0-0
A750654062548199,
A750654062548199,2_Acts7367-0-0
A751564602881561,
A756771576787719,2_Acts7372-0-0
A758897680404092,2_Acts7305-0-0
A758897680404092,2_Acts7359-0-0
A760509078874178,2_Acts7328-0-0
A760827119580300,2_Acts-0-0
A760827119580300,2_Acts7319-0-0
A760827119580300,
A773720758097856,2_Acts-0-0
A773720758097856,2_Acts7371-0-0
A773720758097856,
A773940899234687,
A779776787676864,2_Acts-0-0
A779776787676864,2_Acts7316-0-0
A779776787676864,
A779776787676864,2_Acts73??-0-0
A789167508111472,2_Acts7338-0-0
A790811558843868,
A798191022868918,
A798191022868918,2_Acts-0-0
A823429293612256,
A823429293612256,2_Acts-0-0
A824634450735251,2_Acts-0-0
A824634450735251,1_jf61??-0-0
A829375577745651,2_Acts7373-0-0
A829375577745651,2_Acts-0-0
A829480777451163,
A829480777451163,2_Acts7361-0-0
A836849136575420,
A836849136575420,2_Acts7325-0-0
A836849136575420,2_Acts-0-0
A842562374884190,2_Acts7323-0-0
A844945270765806,2_Acts-0-0
A845404800942314,
A846171619000138,
A846171619000138,2_Acts-0-0
A846726770036604,2_Acts-0-0
A846726770036604,
A846726770036604,2_Acts7323-0-0
A846726770036604,2_Acts7321-0-0
A846726770036604,2_Acts7331-0-0
A846726770036604,2_Acts7304-0-0
A846726770036604,2_Acts7324-0-0
A846726770036604,2_Acts7353-0-0
A846726770036604,2_Acts7349-0-0
A846726770036604,2_Acts7314-0-0
A846726770036604,2_Acts7301-0-0
A846726770036604,2_Acts7325-0-0
A846726770036604,2_Acts7302-0-0
A846726770036604,2_Acts7355-0-0
A846726770036604,2_Acts7303-0-0
A846726770036604,2_Acts7371-0-0
A846726770036604,2_Acts7305-0-0
A847773211110021,2_Acts-0-0
A847773211110021,
A847773211110021,2_Acts7371-0-0
A850019606972710,2_Acts-0-0
A850019606972710,
A850663188778934,2_Acts-0-0
A855088608273930,2_Acts-0-0
A855300415347221,2_Acts7350-0-0
A855300415347221,
A857259841899380,2_Acts7356-0-0
A858926582394407,2_Acts-0-0
A858926582394407,
A859565515068580,2_Acts-0-0
A859565515068580,
A860776438349452,2_Acts-0-0
A862140928622013,
A867781867810608,
A867781867810608,2_Acts7332-0-0
A869346006967323,2_Acts-0-0
A869346006967323,2_Acts7314-0-0
A869346006967323,
A870842911425372,
A870842911425372,2_Acts7306-0-0
A870842911425372,2_Acts7314-0-0
A870842911425372,2_Acts-0-0
A870842911425372,2_Acts7302-0-0
A870842911425372,2_Acts7371-0-0
A870842911425372,2_Acts7309-0-0
A870842911425372,2_Acts7322-0-0
A870842911425372,2_Acts7361-0-0
A870842911425372,2_Acts7364-0-0
A870842911425372,2_Acts7305-0-0
A870842911425372,2_Acts7337-0-0
A870842911425372,2_Acts7313-0-0
A870842911425372,2_Acts7332-0-0
A870842911425372,2_Acts7316-0-0
A870842911425372,2_Acts7323-0-0
A870842911425372,2_Acts7331-0-0
A870842911425372,1_jf61??-0-0
A870842911425372,2_Acts73??-0-0
A870842911425372,2_Acts7373-0-0
A870842911425372,2_Acts7345-0-0
A870842911425372,2_Acts7304-0-0
A870842911425372,2_Acts7351-0-0
A870842911425372,2_Acts7352-0-0
A870842911425372,2_Acts7368-0-0
A870842911425372,2_Acts7303-0-0
A870842911425372,2_Acts7339-0-0
A870842911425372,2_Acts7354-0-0
A870842911425372,2_Acts7317-0-0
A870842911425372,2_Acts7359-0-0
A870842911425372,2_Acts7349-0-0
A870842911425372,2_Acts7324-0-0
A870842911425372,2_Acts7350-0-0
A870842911425372,2_Acts7336-0-0
A870842911425372,2_Acts7334-0-0
A870842911425372,2_Acts7348-0-0
A870842911425372,2_Acts7318-0-0
A870842911425372,2_Acts7308-0-0
A870842911425372,2_Acts7360-0-0
A870842911425372,2_Acts7356-0-0
A870842911425372,2_Acts7340-0-0
A870842911425372,2_Acts7338-0-0
A870842911425372,2_Acts7321-0-0
A870842911425372,2_Acts7365-0-0
A870842911425372,2_Acts7370-0-0
A870842911425372,2_Acts7311-0-0
A870842911425372,2_Acts7325-0-0
A870842911425372,2_Acts7329-0-0
A870842911425372,2_Acts7326-0-0
A870842911425372,2_Acts7369-0-0
A870842911425372,2_Acts7335-0-0
A870842911425372,2_Acts7328-0-0
A870842911425372,2_Acts7343-0-0
A874545582356503,
A874545582356503,1_jf61??-0-0
A874545582356503,2_Acts7359-0-0
A883864443268677,
A883864443268677,2_Acts-0-0
A892507189420909,2_Acts7325-0-0
A901706836730912,
A904223396425402,
A904223396425402,2_Acts-0-0
A905468927944947,2_Acts7350-0-0
A905468927944947,
A905570100119024,
A905584795367454,
A905584795367454,2_Acts7345-0-0
A905584795367454,2_Acts7335-0-0
A912909643248727,
A912909643248727,2_Acts7335-0-0
A913430111825208,
A918590455881914,
A918590455881914,2_Acts-0-0
A918590455881914,2_Acts7373-0-0
A918590455881914,2_Acts7304-0-0
A918590455881914,2_Acts7310-0-0
A918590455881914,2_Acts7324-0-0
A918590455881914,2_Acts7338-0-0
A918590455881914,2_Acts7323-0-0
A918590455881914,1_jf61??-0-0
A918590455881914,2_Acts7312-0-0
A918590455881914,2_Acts7322-0-0
A918590455881914,2_Acts7303-0-0
A918590455881914,2_Acts7331-0-0
A918590455881914,2_Acts7371-0-0
A918590455881914,2_Acts7348-0-0
A918590455881914,2_Acts7326-0-0
A918590455881914,2_Acts7335-0-0
A918590455881914,2_Acts7358-0-0
A918590455881914,2_Acts7321-0-0
A918590455881914,2_Acts7329-0-0
A918590455881914,2_Acts7349-0-0
A918590455881914,1_jf-0-0
A918590455881914,2_Acts7366-0-0
A918590455881914,2_Acts7340-0-0
A918590455881914,2_Acts7302-0-0
A918590455881914,2_Acts7313-0-0
A918590455881914,2_Acts7355-0-0
A918590455881914,2_Acts7306-0-0
A918590455881914,2_Acts7339-0-0
A918590455881914,2_Acts7301-0-0
A918590455881914,2_Acts7330-0-0
A918590455881914,2_Acts7364-0-0
A918590455881914,2_Acts7325-0-0
A918590455881914,2_Acts73??-0-0
A918590455881914,2_Acts7352-0-0
A918590455881914,2_Acts7305-0-0
A918590455881914,2_Acts7353-0-0
A918590455881914,2_Acts7359-0-0
A918590455881914,2_Acts7356-0-0
A918590455881914,2_Acts7318-0-0
A918590455881914,2_Acts7345-0-0
A918590455881914,2_Acts7357-0-0
A918590455881914,2_Acts7307-0-0
A918590455881914,2_Acts7332-0-0
A918590455881914,2_Acts7350-0-0
A918590455881914,2_Acts7315-0-0
A918590455881914,2_Acts7344-0-0
A918590455881914,2_Acts7354-0-0
A918590455881914,2_Acts7361-0-0
A918590455881914,2_Acts7314-0-0
A918590455881914,2_Acts7341-0-0
A918590455881914,2_Acts7316-0-0
A918590455881914,2_Acts7317-0-0
A918590455881914,2_Acts7346-0-0
A918590455881914,2_Acts7327-0-0
A918590455881914,2_Acts7308-0-0
A918590455881914,2_Acts7328-0-0
A918590455881914,2_Acts7362-0-0
A918590455881914,2_Acts7320-0-0
A918590455881914,2_Acts7319-0-0
A918590455881914,1_wl60-0-0
A918590455881914,2_Acts7368-0-0
A918590455881914,2_Acts7333-0-0
A918590455881914,2_Acts7342-0-0
A918590455881914,2_Acts7367-0-0
A918590455881914,2_Acts7360-0-0
A918590455881914,2_Acts7311-0-0
A918590455881914,2_Acts7347-0-0
A918590455881914,2_Acts7309-0-0
A918590455881914,2_Acts7363-0-0
A918590455881914,2_Acts7372-0-0
A918590455881914,2_Acts7334-0-0
A918590455881914,2_Acts7343-0-0
A918590455881914,2_Acts7365-0-0
A930642158175547,2_Acts7346-0-0
A935638854329244,2_Acts-0-0
A941596025910351,
A941596025910351,2_Acts-0-0
A943181298796662,
A943663270998419,
A950358424371268,
A950783188083887,
A950988072354568,2_Acts7323-0-0
A950988072354568,
A953081273576698,
A956412276867792,
A956412276867792,2_Acts7323-0-0
A961733352386624,2_Acts7331-0-0
A961733352386624,
A962464787442401,2_Acts7305-0-0
A962464787442401,
A962464787442401,1_jf61??-0-0
A962464787442401,2_Acts73??-0-0
A965218328262973,2_Acts7364-0-0
A969289217890015,2_Acts7351-0-0
A969289217890015,
A970328830825452,2_Acts-0-0
A977228012667414,2_Acts7322-0-0
A977228012667414,
A977341171154272,
A978911907921360,2_Acts7324-0-0
A978911907921360,
A978911907921360,2_Acts-0-0
A986259985762520,2_Acts7329-0-0
A988403397858684,
A988403397858684,2_Acts-0-0
A989705682370375,2_Acts7348-0-0
A989705682370375,
A990031941639745,2_Acts7303-0-0
A990031941639745,
A990937850750710,2_Acts7308-0-0
A991996011844432,
A991996011844432,2_Acts-0-0
A991996011844432,2_Acts7331-0-0
A993513339626997,
A993513339626997,2_Acts-0-0
A995141207808338,2_Acts7346-0-0
A996767698548550,
A996767698548550,2_Acts7324-0-0
A998160937049315,
A999331771806708,2_Acts7355-0-0
A999713695889095,2_Acts7317-0-0