WESS_LAN_num,ISO_lang,Anglicized_name,Language_JFProd,Language_name_WCD,Dialect_name
139226,aaa,Ghotuo,GHOTUO,Ghotuo,
10616,aai,Arifama,ARIFAMA-MINIAFIA,,
20538,aao,East Maghribian,"ARABIC, NORTH AFRICAN",East Maghribian,
4468,aar,Afar,AFAR,Afar,
12296,aau,Abau,ABAU,Abau,
139244,abc,Ambala,"AYTA, AMBALA",Ambala,
15909,abi,Wider Abidji,ABIDJI,,
5074,abk,Abkhaz,ABKHAZ,Abkhaz,
139250,abl,Abung,LAMPUNG NYO,Abung,
96911,abp,Abenlen,"AYTA, ABELLEN",Abenlen,
16891,abs,Ambon Malay,"MALAY, AMBONESE",Ambon Malay,
5166,acd,Kyode,GIKYODE,Kyode,
17688,ace,Achinese,ACEH,,
13555,ach,Acholi,ACHOLI,Acholi,
21061,acm,Baghdadi,"ARABIC, IRAQI BAGHDADI",Northeast Arabic,Baghdadi
184627,acq,Yemeni,"ARABIC, TA'IZZI YEMENI",Yemeni,
5441,acr,Achi Rabinal,"ACHI, RABINAL",Achi Rabinal,
139273,acu,Achuara,ACHUAR-SHIWIAR,Achuara,
50836,ada,Dangme,ADANGME,,
5338,ade,Galong,ADELE,Galong,
20521,adh,Adhola,DHOPADHOLA,Adhola,
24173,adi,Wider Adi,ADI,,
16116,adj,Jukru,ADIOUKROU,Jukru,
24409,adl,Galong,GALO,Galong,
23089,adx,Ambo,"AMDO, TIBETAN",Choni,Ambo
20522,ady,Adyghe,ADYGEY,Adyghe,
96809,adz,Adzera,ADZERA,,
20547,aeb,Ifriqi General,"ARABIC, TUNISIAN",East Maghribian,Ifriqi General
4532,aec,Upper Egyptian Arabic,"ARABIC, SAIDI SPOKEN",Upper Egyptian Arabic,
96819,aeu,Akeu,AKEU,Akha,Akeu
139181,afb,Gulf Arabic,Arabic Gulf,Gulf Arabic,
179212,afe,Tugwang,UTUKWANG,Tugwang,
184632,afe,Obe,OBE NRUNG ENE,,
1444,afr,Afrikaans,AFRIKAANS,Afrikaans,
9291,agb,Gbo,LEGBO,Gbo,
9290,agc,Agatu,AGATU,North idoma,Agatu
96835,agd,Agarabi,AGARABI,Agarabi,
139319,agm,Angaatiha,ANGAATAHA,Angaatiha,
139321,agq,Ghem,AGHEM,Ghem,
139322,agr,Aguajun,AWAJUN,Aguajun,
5170,aha,Hanta,AHANTA,Hanta,
3712,ahk,Akha,AKHA,Akha,
6330,ahr,Ahirani,AHIRANI,Khandesi,Ahirani
139342,aia,Arosi,AROSI,Arosi,
20551,aii,Neo-Assyrian,ASSYRIAN,Neo-Assyrian,
4797,aiw,Aari,AARI,Aari,
1280,ajg,Aja,AJA-GBE,Aja,
53347,ajp,South Syro Palestinian,"ARABIC, PALESTINIAN",Levantine Arabic,South Syro Palestinian
139370,ajz,Amri,AMRI KARBI,Amri,
5288,aka,Fante,FANTE,Fante,
20525,aka,Twi,TWI,Twi,
185199,aka,Asharti,ASANTE TWI,Twi,Asharti
17689,akb,Angkola,BATAK ANGKOLA,Angkola,
139376,akh,West Angal,ANGAL HENENG,,
12853,akl,Akla,AKLANON,Akla,
20528,aln,Kosova,"ALBANIAN, KOSOVAR",Gheg,Kosova
20526,als,South Tosk,ALBANIAN,South Tosk,
21554,alt,Altay Kizhi,ALTAI,Altay Kizhi,
4793,alw,Alaba,ALABA,Alaba,
14694,alz,Alur,ALUR,Alur,
139411,ame,Yanesha,YANESHA',Yanesha,
4792,amf,Hamar,HAMER-BANNA,Hamar,
4791,amh,Amharic,AMHARIC,Amharic,
139414,amk,Ambai,AMBAI,Ambai,
10685,amn,Wider Amanab,AMANAB,,
8351,amu,Amuzgo Guerrero,"AMUZGO, GUERRERO",Amuzgo Guerrero,
22193,anc,Ngas,NGAS,,
139429,and,Ansus,ANSUS,Ansus,
10365,ank,Goemai,GAMAI,Goemai,
10364,ann,Ibot Obolo,OBOLO,Ibot Obolo,
23330,anp,Angika,ANGIKA,Angika,
4790,anu,Anywaa,ANUAK,,
9317,anw,Anaang,ANAANG,Anaang,
5333,any,Central Nyi,ANYIN,Central Nyi,
97071,apb,Saa,Sa'a,Saa,
13562,apd,Sudanese Arabic,"ARABIC, SUDANESE SPOKEN",Sudanese Arabic,
97073,aph,Athpariya,ATHPARIYA,Athpariya,
1890,apn,Apinaye,APINAYE,Apinaye,
1889,apu,Apurina,APURINA,Apurina,
22658,arb,Standard Arabic,"ARABIC, MODERN STANDARD",Standard Arabic,
53441,arb,Global Arabic,"ARABIC, MODERN STANDARD (EGYPTIAN)",,
184495,arb,Global Arabic,"ARABIC, MODERN STANDARD (SHARIF)",,
644,arn,Central Mapu Che,MAPUDUNGUN,Central Mapu Che,
525,arq,Jazairi General,"ARABIC, ALGERIAN SPOKEN",East Maghribian,Jazairi General
8418,ary,Maghribi General,"ARABIC, MOROCCAN SPOKEN",West Maghribian,Maghribi General
20533,arz,Egyptian Arabic,"ARABIC, EGYPTIAN COLLOQUIAL",Egyptian Arabic,
24223,asa,Asu,CHASU-PARE,Asu,
19171,ase,American Sign Language,AMERICAN SIGN LANGUAGE,American,American Sign Language
1092,asf,Australian Sign Language,AUSTRALIAN SIGN LANGUAGE,Australian,Australian Sign Language
9316,asg,Shingini,CISHINGINI,Shingini,
1171,asm,Assamese,ASSAMESE,Assamese,
139511,aso,Dano,DANO,Dano,
3710,atb,Zaiwa,ZAIWA,Zaiwa,
181696,atg,Okpela,OKPELLA,Okpela,
145459,atq,Aralle,ARALLE,Aralle,
15882,ava,Wider Avar,AVAR,,
16111,avi,Vikam,AVIKAM,Vikam,
184531,avl,Badawi Jordan,"ARABIC, BEDOUIN",Levantine Arabic,Badawi Jordan
13567,avu,Avokaya,AVOKAYA,Avokaya,
5603,awa,Awadhi,AWADHI,Awadhi,
184922,awa,Awadhi,"AWADHI, NEPAL",Awadhi,
53389,awn,Awngi,AWGNI,Awngi,
10231,awo,Yebu,AWAK,Yebu,
139124,axk,Yaka,"YAKA, Central African Republic",Kako,Yaka
184848,ayl,Barqi,"ARABIC, LIBYAN",Egyptian Arabic,Barqi
139601,ayo,Morotoco,AYOREO,Morotoco,
23800,ayp,Mardin,MARDINI,Northern Arabic,Mardin
616,ayr,Central Aymara,"AYMARA, CENTRAL",Central Aymara,
16176,ayz,Brat,MAI BRAT,Brat,
97274,aza,Tien Pa,AZHA,Tien Pa,
355,azb,South Azeri,"AZERBAIJANI, IRAN",South Azeri,
8338,azg,San Pedro Amuzgo,"AMUZGO, OAXACA",San Pedro Amuzgo,
689,azj,North Azeri,"AZERBAIJANI, NORTH",North Azeri,
139611,azo,Mbwewi,AWING,Mbewi,Mbwewi
8336,azz,Zacapoaxtla,"NAHUATL, SIERRA DE PUEBLA",Nahuat,Zacapoaxtla
18450,bak,Bashqurt,BASHKIR,Bashqurt,
2075,bam,Bambara,BAMBARA,Bambara,
145699,ban,Bali Formal,BALI,Bali Formal,
24043,bap,West Bantawa,"RAI, BANTAWA",West Bantawa,
2923,bas,Wider Basaa,BASAA,,
2912,bax,Pamem,BAMUN,Pamem,
1294,bba,Baatonum,BARIBA,Baatonum,
17818,bbc,Toba Batak,BATAK TOBA,Toba Batak,
2908,bbj,Ghomala,GHOMALA,,
139635,bbk,Banki,BABANKI,Banki,
139643,bbu,Kulung,KULUNG,Kulung,
3948,bca,Bai,BAI,Bai,
6679,bcc,South Balochi,"BALOCHI, SOUTHERN",South Balochi,
97185,bcf,Wakau,BAMU,Wakau,
10715,bch,Bariai,BARIAI,Bariai,
16107,bci,Baule,BAULE,Baule,
22100,bcl,Legaspi,BICOLANO,Legaspi,
184541,bcp,Baali,DIBALI,Baali,
19518,bcq,Bench,BENCH,Bench,
139661,bcu,Bing,AWAD BING,,
139663,bcw,Baza,BANA,,
53330,bcy,Bacama,BACAMA-BWATIYE,Bacama,
53409,bda,Bayot,DJOLA-BAYOTE,Bayot,
10221,bde,Bade Kado,BADE,Bade Kado,
97237,bdh,Baaka,BAKA,Baaka,
139538,bdi,North Barun,BURUN,,
17655,bdl,Poso,"BAJAU, INDONESIAN",Poso,
139543,bdp,Bende,BENDE-TONGWE,Bende,
19391,bdq,Bahnar,BAHNAR,Bahnar,
139544,bds,Burunge,BURUNGE,Burunge,
53435,bdt,Bokodo,BHOGOTO,Central Gbaya,Bokodo
97247,bdu,East Oroko,OROKO,,
184499,bdv,Jharia Odia,BADO PARJA,Jharia Odia,
184917,bej,Bedauye,"BEJA, BIDHAAWYEET",Bedauye,
1259,bel,Belarussian,BELORUSSIAN,Belarussian,
14278,bem,Bemba,BEMBA,Bemba,
139081,ben,Central Bangla,BENGALI (INDIAN),Central Bangla,
139082,ben,Bengali,BANGLA MUSLIM,Bengali,
21577,beo,Bedamini,BEDAMUNI,,
97214,bep,Besoa,BEHOA,Besoa,
4276,beq,Bembe,BEEMBE,Bembe,
16106,bet,West Bete,"BETE, GUIBEROUA",,
16652,bew,Bahasa Betawi,BETAWI,Bahasa Betawi,
13745,bex,Modo,JUR MODO,Modo,
14277,bez,Bena,BENA,Bena,
13586,bfa,Bari,BARI,Bari,
184486,bfb,Pawari,BARELI PAWRI,Pawari,
2819,bfd,Beba,BAFUT,Beba,
139154,bfo,North Birifor,BIRIFOR,North Birifor,
5613,bfq,Badaga,BADAGA,Badaga,
5612,bfr,Wider Kanarese,BAZIGAR,,
25916,bfs,Dali,"BAI, SOUTHERN",Dali,
6654,bft,Balti,BALTI,Balti,
6648,bfy,Bagheli,BAGHELI,Bagheli,
184487,bfz,Baghati,MAHASU PAHARI,Baghati,
5709,bgc,Haryanvi,HARYANVI,Haryanvi,
25919,bgd,Bareli,"BARELI, RATHWI",Bareli,
5703,bge,Baori,BAURIA,Baori,
353,bgn,West Balochi,"BALOCHI, WESTERN",West Balochi,
5700,bgp,East Balochi,"BALOCHI, EASTERN",East Balochi,
5699,bgq,Bagri,BAGRI,Bagri,
12839,bgs,Tagabawa,"MANOBO, TAGABAWA",Tagabawa,
5697,bgw,Bhatri Odia,BHATRI,Bhatri Odia,
17365,bgz,Wider Bangai,BANGGAI,,
5696,bha,Sindhi Bharat,BHARIA,Sindhi,Sindhi Bharat
5695,bhb,Central Bhil,BHILI,,
5671,bhd,Bhadrawahi,BHADRAWAHI,Bhadrawahi,
6934,bhh,Bukharik,BUKHARAN,Judeo Farsi,Bukharik
139684,bhi,Bhilala,BHILALI,Bhilala,
12286,bhl,Bi,BIMIN,Bi,
5667,bho,Bhojpuri,BHOJPURI,Bhojpuri,
19537,bhp,Bima,BIMA,Bima,
157752,bhq,South Wakatobi,WAKATOBI,,
7735,bhr,Bara Mikaty,BARA,Bara Mikaty,
6642,bht,Bhateali,BHATTIYALI,Bhateali,
16488,bhw,Biak,BIAK,Biak,
19547,bhz,Bada,BADA,Bada,
145881,bib,Barka,BARKA,Bisa,Barka
5174,bim,Moba,BIMOBA,Moba,
10255,bin,Edo,EDO,Edo,
9181,bis,Bislama,BISLAMA,Bislama,
5173,biv,Lob,"BIRIFOR, SOUTHERN",Lob,
15667,bja,North Buja,BUDZA,,
21963,bjg,Bijago,BIJAGO,,
6631,bjj,Kannauji,KANAUJI,Braj,Kannauji
16827,bjn,Banjarese,BANJAR,Banjarese,
139741,bjp,Maket,FANAMAKET,Maket,
23511,bjt,Balanta Naaga,BALANTA-GANJA,Balanta Naaga,
184847,bjw,Bakwe,BAKWE,,
12854,bkd,Binukid,BINUKID,Binukid,
19558,bkm,Kom,KOM,Kom,
1884,bkq,Bakairi,BAKAIRI,Bakairi,
19560,bkr,Bakumpai,BAKUMPAI,Bakumpai,
10208,bkv,Kwarra,BEKWARRA,Kwarra,
139761,bkw,Kwil,BEKWEL,Kwil,
2788,bky,Ki,BOKYI,Ki,
3105,bla,Siksi Ka,BLACKFOOT,Siksi Ka,
139762,blb,Vella Lavella,BILUA,Vella Lavella,
13002,ble,North Balanta,BALANTA,,
53321,ble,South Balanta,BALANTA-NAGA,,
17373,blf,Buol,BUOL,Buol,
21662,blk,Pao,PA'O,Pao,
114921,blm,Jur Beli,JUR BELI,,
114936,blr,Bulang,PLANG,,
7516,blt,Tai Dam,TAI DAM,Tai Dam,
12808,blw,Balangao,BALANGAO,Balangao,
139772,blx,Mag Indi,"AYTA, MAG-INDI",Mag Indi,
97403,blz,Balantak,BALANTAK,Balantak,
19571,bmb,Beembe,BEMBE,Beembe,
26664,bmm,North Betsimisaraka,"MALAGASY, NORTHERN BETSIMISARAKA",North Betsimisaraka,
2081,bmq,Bwamu,BOMU,,
139791,bmu,Wider Somba,SOMBA-SIAWARI,,
139792,bmv,Bum,BUM,Bum,
12801,bno,Bantua,BANTOANON,Bantua,
10813,bnp,Bola,BOLA,Bola,
20587,bns,Bundeli,BUNDEL KHANDI,Bundeli,
139707,boa,Bora,BORA,Bora,
21795,bod,Utsang Urban,"LHASA, TIBETAN",Utsang,Utsang Urban
10810,boj,Anjam,ANJAM,Anjam,
19581,bol,Pika,BOLEWA,Pika,
10185,bom,Berom,BEROM,,
11446,bon,Northeast Bini,BINE,,
1873,bor,Bororo,BORORO,Bororo,
20581,bos,Bosnian,BOSNIAN,Bosnian,
97457,bot,Bongo,BONGO,Bongo,
139885,boz,Tieya,"BOZO, TIGEMAXO",Tieya,
12816,bpr,Koronadal,"BLAAN, KORONADAL",Koronadal,
12815,bps,Sarangani Blaan,"BLAAN, SARANGANI",Sarangani Blaan,
23250,bpy,Bishnupuriya,BISHNUPRIYA,Bishnupuriya,
6800,bqi,Haft Lang,BAKHTIARI,Luri,Haft Lang
139909,bqj,Banjal,BANDIAL,Banjal,
5611,bra,Braj,BRAJ BHASHA,Braj,
158608,bre,Tregereg,BREZHONEG,Tregereg,
351,brh,Brauidi,BRAHUI,Brauidi,
7371,bru,Kaleu,"BRU, EASTERN",Kaleu,
19594,brx,Bodo,BODO,Bodo,
139945,bsc,Ni Yan,ONIYAN,Ni Yan,
28054,bsj,Bangwinji,BANGJINGE,Bangwinji,
10570,bsk,Burushaski,BURUSHASKI,,
19508,bsq,Basoo,BASSA,Basoo,
2894,bss,Akoose,AKOOSE,,
4779,bst,Basketo,BASKETTO,Basketo,
21637,btd,Dairi Batak,PAK PAK DAIRI,Dairi Batak,
17815,btm,Mandailing,BATAK MANDAILING,Mandailing,
158787,bto,Rinconada,RINCONADA BIKOL,Rinconada,
17814,bts,Simalungun,BATAK SIMALUNGUN,Simalungun,
28132,btt,Bete Bende,BETTE,Bete Bende,
17813,btx,Karo,BATAK KARO,Karo,
146378,btz,Alas,BATAK-ALAS,Alas,
5171,bud,Can,NTCHAM,Can,
17645,bug,Buginese,BUGIS,,
1964,bul,Bulgarian,BULGARIAN,Bulgarian,
2884,bum,Bulu,BULU,Bulu,
13084,bun,Shebra,SHERBRO,Shebra,
24091,buu,Neta,"BUDU, NITA",Budu,Neta
24092,buu,Koda,"BUDU, KOYA",Budu,Koda
158871,bux,Boghom,BOGGHOM,Boghom,
115239,bvb,Wider Bubi,BOBE,,
139996,bvc,Baelelea,BAELELEA,Baelelea,
139997,bvd,Baegu,BAEGGU,Baegu,
16883,bvu,Meratus,"MALAY, BUKIT",Banjarese,Meratus
10343,bwr,Pabir,BURA-PABIR,Pabir,
19610,bwu,Li,BULI,Li,
19606,bxk,Bukusu,BUKUSU,Bukusu,
18321,bxr,Buryat,"BURIAT, RUSSIA",Buryat,
97609,byd,Nyadu,BENYADU',Nyadu,
4593,byn,Bilin,BLIN,Bilin,
49141,bys,Burak,BUURAK,Burak,
2871,byv,Ngang,MEDUMBA,Ngiemboon,Ngang
7655,bza,Bandi,BANDI,Bandi,
27226,bzc,South Betsimisaraka,"MALAGASY, SOUTHERN BETSIMISARAKA",South Betsimisaraka,
140166,bze,Sorogo Bozo,"BOZO, JENAAMA",,
159546,bzh,Mapos,CENTRAL BUANG,Mapos,
140169,bzi,Bisu,BISU,Bisu,
1872,bzs,Brazilian Sign Language,BRAZILIAN SIGN LANGUAGE,Brazilian,Brazilian Sign Language
24010,bzw,Wider Rubasa,BASA,,
184631,bzy,Banliku,ABANGLEKUO,Banliku,
1277,cab,Black Carib,GARIFUNA,Black Carib,
5392,cak,West Cakchiquel,"CAKCHIQUEL, WESTERN",West Cakchiquel,
5397,cak,East Cakchiquel,"CAKCHIQUEL, EASTERN",East Cakchiquel,
5437,cak,Central South Cakchiquel,"CAKCHIQUEL, SOUTH CENTRAL",Central South Cakchiquel,
5439,cak,Central Cakchiquel,"CAKCHIQUEL, CENTRAL",Central Cakchiquel,
49145,car,West Carinya,WESTERN CARIB,West Carinya,
53421,car,East Carib,"CARIB, EASTERN",East Carib,
140021,cas,Tsimane,TSIMANE,Tsimane,
531,cat,Catalan,CATALAN - VALENCIAN - BALEAR,Catalan,
4501,cbi,Tsa Chi,CHACHI,Tsa Chi,
140033,cbj,Cabe,EDE CABE,West Yoruba,Cabe
12791,cbk,Chabacano,CHAVACANO,Chabacano,
184585,cbr,Cacatai,KAKATAIBO,Cacatai,
158997,cbs,Cashi,JUNI KUIN,Cashi,
159000,cbt,Chayahuita,SHAWI (CHAYAHUITA),Chayahuita,
184586,cbu,Candoxi,KANDOOZI,Candoxi,
8420,cce,Chopi,CHOPI,Chopi,
159038,ccg,Samba Daka,CHAMBA DAKA,Samba Daka,
1253,ccp,Chakma,CHAKMA,East Bangla,Chakma
97720,cdg,Chamari,CHAMARI,Haryanvi,Chamari
5652,cdh,Chameali,CHAMBEALI,Chameali,
5648,cdi,Chodhari,CHODRI,Chodhari,
5647,cdj,Churahi,CHURAHI,Gaddi,Churahi
23033,cdo,Fuzhou,FOOCHOW,South Min-Dong,Fuzhou
9637,cdr,Kamuku,KAMUKU,,
12784,ceb,Cebuano Vehicular,CEBUANO,Cebuano Vehicular,
184842,cen,Chen,IBAAS (ICEN),South Zere,Chen
4432,ces,Czech,CZECH,Czech,
53395,cfa,Cham,DIJIM (CHAM),Cham,
1192,cfm,Falam,"CHIN, FALAM",Falam,
5379,cha,Guam Chamorro,CHAMORRO,Guam Chamorro,
7139,che,Chechen,CHECHEN,Chechen,
139129,chk,Truk Vehicular,Chuukese,Truk Vehicular,
97745,chp,Dene,DENE,Dene,
8343,chq,Quiotepec,"CHINANTECO, QUIOTEPEC",Quiotepec,Quiotepec
18574,chv,Chuvash,CHUVASH,Chuvash,
8426,chw,Chwabo,CHWABO,Chwabo,
17626,cia,South Butonese,CIA-CIA,,
2145,cja,West Cham,"CHAM, WESTERN",West Cham,
23491,cjk,Chokwe,"CHOKWE, CONGO",Chokwe,
23492,cjk,Nungu,"CHOKWE, ANGOLA",Nungu,
19372,cjm,East Cham,"CHAM, EASTERN",East Cham,
140126,cjp,Cabecar,CABECAR,Cabecar,
139114,ckb,Sorani,"KURDI, SORANI",Kurdi,Sorani
139115,ckb,Mukri,"KURDI, SORANI - EASTERN",Kurdi,Mukri
1345,cko,Anu,ANUFO,Anu,
159392,cky,Cakfem,CHAKFEM,Cakfem,
53423,cla,Wider Ron,LIS MA RON,,
134882,cla,Wider Ron,ALIS I RON,,
3099,clc,Chilcotin,CHILCOTIN,Chilcotin,
20592,cld,Chaldean,CHALDEAN,Chaldean,
2067,cme,Cerma,CERMA,,
20615,cmn,Mandarin,"MANDARIN, CHINA",Mandarin,
21211,cmn,Hui Formal,HUI,Jinyu,Hui Formal
21753,cmn,Global Chinese,"CHINESE, TRADITIONAL",,
21754,cmn,Global Chinese,"CHINESE, SIMPLIFIED",,
23061,cmn,Kun Gui,"CHINESE, YUNNAN (KUNMING)",Xinan Guan,Kun Gui
23062,cmn,Global Chinese,"CHINESE, SICHUAN",,
23221,cmn,Global Chinese,MANDARIN (TAIWAN),,
24096,cmn,Global Chinese,"CHINESE, QINGHAI",,
53352,cmn,Gui Liu,"CHINESE, GUILIU",Xinan Guan,Gui Liu
184540,cmn,Global Chinese,"CHINESE, QINGHAI HUI",,
2159,cmo,Pnong,"MNONG, CENTRAL",Pnong,
53346,cmr,Mrung,MRO,Mrung,
140060,cni,Ashani Nga,ASHANINKA,Ashani Nga,
1252,cnk,Khumi,"CHIN, KHUMI",Khumi,
7922,cnt,Tepetotutla,"CHINANTECO, TEPETOTUTLA",Tepetotutla,
4250,coe,Korewaxi,KOREGUAJE,Correguaje,Korewaxi
7343,coh,Conyi,CHONYI,Conyi,
184472,con,North Cofan,COFAN,North Cofan,
140083,cou,Meyny,WAMEY,Meyny,
23941,cpu,Pichis,ASHENINCA PICHIS,Pichis,
22335,crh,Crimean Tatar,CRIMEAN TATAR,Crimean Tatar,
3087,crk,West Cree,"CREE, WESTERN",Plains Cree,West Cree
8323,crn,Corapan,CORA,Corapan,
13079,crs,Seychellois,SESELWA CREOLE,Mauricien,Seychellois
12869,csb,Kashubian,KASHUBIAN,Kashubian,
1181,csh,Asho,"CHIN, ASHO",Asho,
13070,csk,Kasa,JOLA-KASA,Kasa,
4247,csn,Colombian Sign Language,COLOMBIAN SIGN LANGUAGE,South American,Colombian Sign Language
4394,csr,Costa Rican Sign Language,COSTA RICAN SIGN LANGUAGE,South American,Costa Rican Sign Language
159905,ctd,Tiddim,"ZOKAM, TEDIM",Tiddim,
21674,ctg,Bangla Chittagong,CHATGAYA CHITTAGONIAN MUSLIM,East Bangla,Bangla Chittagong
139131,ctg,Bangla Chittagong,CHATGAYA CHITTAGONIAN COMMON,East Bangla,Bangla Chittagong
7926,ctl,Tlacoatzintepec,"CHINANTECO, TLACOATZINTEPEC",Tlacoatzintepec,
8315,ctu,Tumbala,"CHOL, TUMBALA",Tumbala,
97686,cuc,Usila,"CHINANTEC, USILA",Usila,
140297,cuh,Cuka,GICHUKA,Cuka,
53430,cuk,Wider Kuna,KUNA,,
8284,cux,Tepeuxila,"CUICATECO, TEPEUXILA",Tepeuxila,
14274,cwa,Kabwa,KABWA,Koria,Kabwa
14273,cwe,Kwere,KWERE,Nghwele,Kwere
13063,cwt,Wat,KWATAY,Wat,
8282,cya,Nopala,"CHATINO, NOPALA",Nopala,
14815,cym,Cymraeg Safonol,WELSH,Unified Welsh,Cymraeg Safonol
12773,cyo,Cuyo,CUYONON,Cuyo,
8281,czn,Zenzontepec,"CHATINO, ZENZONTEPEC",Zenzontepec,
184814,dag,Dagba,DAGBANLI,Dagba,
4454,dan,Danish,DANISH,Danish,
6558,daq,Dandami Maria,"MARIA, DANDAMI",Maria,Dandami Maria
20644,dar,Dargwa,DARGIN,Dargwa,
7334,dav,Dawida,TAITA,,
10292,dbd,Diya,DADIYA,Diya,
2865,dbq,Daba,DABA,Daba,
22685,dcc,Marathi,DECCANI,Marathi,
98033,dde,Doondo,DOONDO,Doondo,
1344,ddn,Dendi,DENDI (MALANVILLE),Dendi,
53326,ddn,Jugu,DENDI (DJOUGOU),Dendi,Jugu
140367,der,Deori,DEORI,Deori,
1106,deu,High German,"GERMAN, STANDARD",High German,
5188,dga,South Dagaa,"DAGAARI, SOUTHERN",Dagaa,South Dagaa
22197,dgi,Daga,"DAGAARI, NORTHERN",Dagaa,Daga
20651,dgo,Dogri,DOGRI,Dogri,
139104,dgr,Done,Tlicho,Done,
146764,dgz,Nawp,LOWER DAGA,,
24343,dhd,Jaipuri,DHUNDARI,Jaipuri,
22682,dhn,Dhanka,DANGI,Dhanka,
6548,dho,Dhodia,DHODIA,Dhodia,
139058,dib,Agar,"DINKA, AGAR-BOR",Agar,
13644,did,Didinga,DIDINGA,Didinga,
7176,dig,Digo,DIGO,Digo,
24273,dik,Rek,"DINKA, REK",Rek,
24267,dip,Padang,"DINKA, NORTHEASTERN (PADANG)",Padang,
19652,dis,Dimasa,DIMASA,Dimasa,
53287,div,Dhivehi,DHIVEHI,Dhivehi,
1343,dje,Zarma,ZARMA,Zarma,
18698,djk,Ndjuka,AUKAANS,Ndjuka,
140535,djm,Jamsay,"DOGON, JAMSAY",Jamsay,
176144,dkx,Mazagway,MAZAGWAY-HIDI,Mazagway,
140549,dmb,"Dogon, Mombo","DOGON, MOMBO","Dogon, Mombo",
14271,dne,Ndendeule,NDENDEULE,Ndendeule,
17820,dng,Gansu,DUNGAN,Jinyu,Gansu
5462,dnj,Wider Dan,DAN,,
147081,dnj,Blou,BLOWO,Southwest Dan,Blou
16447,dnw,West Dani,"DANI, WESTERN",,
176838,dop,Lukpa,LOKPA,Lukpa,
139072,dos,Dogho,DOGOSE,,
23874,dri,Lela,C'LELA,Lela,
4704,drs,Gede Inke,GEDEO,Gede Inke,
97941,dsh,Dasenach,DAASANACH,Dasenach,
20863,dso,Desia Odia,DESIA,Desia Odia,
3786,dta,Daur,DAUR,Daur,
26248,dtm,Tomo,"DOGON, TOMO KAN",Tomo,
140443,dto,Tombo,"DOGON, TOMMO SO",Tombo,
20654,dtp,Dusun,DUSUN,,
27145,dts,Toro,"DOGON, TORO SO",Toro,
53355,dty,Doteli,DADELDHURELI,Nepali,Doteli
185061,dty,Doteli,DOTI DOTELI,Nepali,Doteli
2854,dua,Duala,DUALA,Duala,
23342,dub,Dubli,DUBLI,Dubli,
140449,duc,Duna,DUNA,Duna,
7166,dug,Duruma,DURUMA,Duruma,
23258,duh,Dungari,DUNGRA BHIL,Dungari,
185003,dwk,,DAVIK KUI,,
4633,dwr,Kulo,DAWRO,Kulo,
16084,dyi,Djimini,"SENOUFO, DJIMINI",,
5069,dyo,Fonyi,JOLA-FOGNY,Fonyi,
2104,dyu,Jula,JULA,Jula,
3299,dzg,Daza,DAZA,Daza,
1375,dzo,Dzongkha,DZONGKHA,Dzongkha,
140487,ebo,Boong,TEKE-EBOO,Boong,
7164,ebu,Embu,EMBU,Embu,
2728,efi,Efik,EFIK,Efik,
10252,ego,Mada Eggon,EGGON,Mada Eggon,
184626,eip,Eipo,LIK,Eipo,
53394,eja,Felup,JOLA-FELUPE,,
10248,eka,Kajuk,EKAJUK,Kajuk,
4601,ekk,Wider Estonian,ESTONIAN,,
8434,eko,Koti,KOTI,Koti,
10241,ekr,Ekpari,EKPARI,Ekpari,
483,ell,Modern Greek,GREEK,Modern Greek,
5450,emk,East Maninka,MANINKA,East Maninka,
98137,emp,Sambu,"EMBERA, NORTHERN",Sambu,
98139,emu,Ghotul Muria,"MURIA, EASTERN",Maria,Ghotul Muria
140520,enb,Markwet,MARKWEETA,Markwet,
529,eng,Global English,ENGLISH,,
23156,eng,Native North American,"ENGLISH, NORTH AMERICAN INDIGENOUS",American,Native North American
12200,enq,Mae,ENGA,Mae,
12186,eri,Ogea,OGEA,Ogea,
140434,ese,Eseeha,ESE EJJA,,
147829,esg,Gondi,"GONDI, AHERI",Gondi,
21205,etu,East Ejagham,"EJAGHAM, WESTERN",,
184485,etx,Ten,ITEN,Ten,
23514,eus,Euskara,EUSKERA,Euskara,
5331,ewe,Ewe,EWE,Ewe,
2713,ewo,Ewondo Vehicular,EWONDO,Ewondo Vehicular,
9692,eza,Ezaa,EZAA,Ezaa,
27147,fab,Fa Dambu,FA D'AMBU,Fa Dambu,
24018,fan,Fang,"FANG, EQUATORIAL GUINEA",Fang,
24019,fan,Make,"FANG, GABON",Make,
4455,fao,Faroese,FAROESE,Faroese,
140614,far,Fataleka,FATALEKA,Fataleka,
5183,ffm,Masina,"FULFULDE, MAASINA",Masina,
20665,fij,Fiji,FIJIAN,Fiji,
4820,fin,Finnish,FINNISH,Finnish,
184843,fkk,South Fali,FALI SOUTH,,
184844,fli,North Fali,FALI NORTH,,
50087,flr,Fuliru,KIFULIIRU,Fuliru,
184451,fmu,Bhamani Maria,GAITA KOITOR,Maria,Bhamani Maria
20662,fng,Fanakolo,FANAKALO,Fanakolo,
1304,fon,Fon,FON-GBE,Fon,
26270,fpe,Fernando Poo Creole,FERNANDO PO CREOLE ENGLISH,Krio,Fernando Poo Creole
496,fra,French,FRENCH,French,
16956,frd,Wider Fordata,FORDATA,,
24014,fub,Adamawa,FULFULDE-ADAMAWA,Adamawa,
5048,fuc,Pulaar,"FULFULDE, PULAAR",Pulaar,
5050,fuc,Kunda,FULACUNDA,Kunda,Kunda
1299,fue,Borgu,"FULFULDE, BENIN-TOGO",Borgu,
5459,fuf,Futa Jalon,FUUTA JALON,Futa Jalon,
23920,fuh,Dallol Boso,"FULFULDE, WESTERN NIGER",Dallol Boso,
140551,fuu,Furu,FURU,Furu,
24038,fuv,Kano,"FULFULDE, CAKA NIGERIA",Sokoto,Kano
53418,fvr,Bele For,FUR,Bele For,
140555,fwe,Fwe,FWE,Fwe,
27152,gaa,Ga,GA,,
140558,gad,South Gadang,GADDANG,,
1935,gag,Gagauzi,GAGAUZ,Gagauzi,
19685,gaj,Gadsup,GADSUP,Gadsup,
12151,gam,Kandawo,KANDAWO,Kandawo,
140566,gaq,Gta,GATA',Gta,
24340,gas,Adiwasi Girasia,"GARASIA, ADIWASI",Vasavi,Adiwasi Girasia
140569,gau,Konekor,"GADABA, MUDHILI",Gadaba,Konekor
4699,gax,Guji,GUJI,Guji,
4700,gax,Arusi,"OROMO, BORANA-ARSI-GUJI",Arusi,
17807,gay,Gayo,GAYO,,
4695,gaz,Mecha,"OROMO, WEST-CENTRAL",Mecha,
16954,gbi,Galela,GALELA,,
184548,gbj,Gutob,GUTOB GADABA,Gutob,
6533,gbl,Gamati,GAMIT,Gamati,
6532,gbm,Gadhwali,GARHWALI,Gadhwali,
23926,gbo,Central North Grebo,"GREBO, NORTHERN",,
22651,gbp,Gbeya,GBEYA,Gbeya,
10085,gbr,Gbagye,GBAGYI,,
10076,gby,Gwari,GBARI,,
4472,gcf,Antillais,LESSER ANTILLEAN CREOLE FRENCH,Antillais,
161859,gdd,Bel,BEL,,
184801,gdf,Kudupa,GAVVA,Kudupa,
4694,gdl,Dirashat,DIRASHA,Dirashat,
1342,gej,Gen,GEN-GBE,Gen,
53312,gek,Yiwom,YWOM,Yiwom,
10157,gel,Kag,FAKAI,Kag,
140672,gga,Gao,GAO,Gao,
7658,ggb,Gbii,GBII,Gbii,
98306,ggu,Gba,GAGU,Gba,
4812,gil,Kiribati,KIRIBATI,Kiribati,
2754,giz,South Giziga,"GIZIGA, SOUTH",,
5187,gjn,Gonja,GONJA,,
43229,gju,Gujuri,GOJRI,Gujuri,
10143,gkn,Gokana,GOKANA,Gokana,
5456,gkp,Kpelese,"KPELLE, GUINEA",Kpelese,
14818,gla,Scottish Gaelic,"GAELIC, SCOTS",Scottish Gaelic,
6884,gle,Irish Gaelic,"GAELIC, IRISH",Irish Gaelic,
19705,glg,Galician,GALICIAN,Galician,
6707,glk,Ghilaki,GILAKI,Ghilaki,
140740,glw,Gelvaxda,GLAVDA,Gelvaxda,
4635,gmv,Gemu Dona,GAMO,Gemu Dona,
53313,gmz,Mgbo,MGBOLIZHIA,Mgbo,
117883,gng,Gangam,GANGAM,Gangam,
6511,gno,Betul,"GONDI, NORTHERN",Gondi,Betul
184828,gnw,West Guarani Boliviano,"GUARANI, WESTERN BOLIVIAN",Guasurango,West Guarani Boliviano
16064,goa,Golo,GURO,Golo,
184596,god,Godye,GODIE,,
4634,gof,Gofa,GOFA,Gofa,
14206,gog,Gogo,GOGO,Gogo,
140770,goj,Gowlan,GOWLAN,Gowlan,
7617,gol,Wider Gola,GOLA,,
184479,gom,Goanese,GOAN KONKANI,Goanese,
19716,gor,East Gorontalo,GORONTALO,East Gorontalo,
98407,gqa,Gaanda,GA'ANDA,Gaanda,
24341,gra,Rajput Girasia,"GARASIA, RAJPUT",Rajput Girasia,
1204,grt,Garo,GARO,Garo,
4684,gru,Soddo,"GURAGE, SODO",Soddo,Soddo
2518,gso,Gbaya Vehicular,"GBAYA, SOUTHWEST",Gbaya Vehicular,
1582,gub,Guajajara,GUAJAJARA,Guajajara,
4232,guc,Wayuu,WAYUU,Wayuu,
16052,gud,Yokobue,"DIDA, YOCOBOUE",Yokobue,
12327,gug,Guarani,"GUARANI, PARAGUAYAN",Guarani,
19720,guh,Guahi,GUAHIBO,Guahi,
20631,gui,Chiriguano,"GUARANI, BOLIVIAN, EASTERN",Guasurango,Chiriguano
6596,guj,Kathiawadi,KATHIYAWADI,Kathiawadi,
6600,guj,Central Gujaraati,GUJARATI,Central Gujaraati,
184659,guk,Gumuz,NORTH GUMUZ,,
184660,guk,Gumuz,SOUTH GUMUZ,,
4230,gum,Guambiano,GUAMBIANO,Guambiano,
623,gun,Mbya,"GUARANI, MBYA",Mbya,
184846,guq,Ache,ACHE,Ache,
2062,gur,Guren,GURENNE,Guren,
1573,guu,Padamo,YANOMAMO,Padamo,
1297,guw,Gun,GUN-GBE,Gun,
1296,gux,Central Gulma,GOURMANCHEMA,Central Gulma,
7326,guz,Gusii,GUSII,Gusii,
19725,gvf,Golin,GOLIN,Golin,
1569,gvo,Ikoro,GAVIAO DO JIPARANA,Ikoro,
6485,gvr,Wider Gurung,GURUNG,,
98459,gwd,Kawwate,"ALE, GAWWADA",Kawwate,
14692,gwr,Gwere,GWERE,Gwere,
16048,gxx,Wider Wobe,"GUERE, CENTRAL",,
2745,gya,Central Gbaya,"GBAYA, NORTHWEST",Central Gbaya,
10597,gym,Wider Ngabere,GUAYMI,,
20693,gyn,Guyanese,GUYANESE CREOLE,Guyanese,
139090,gyz,Geji,GYAAZI,Geji,
139169,hac,Hawrami,"KURDI, HAWRAMI",Hawrami,
140928,hae,Qottu,"OROMO, EASTERN",Qottu,
5319,hag,Hanga,HANGA,Hanga,
1193,haj,Haijong,HAJONG,Haijong,
20611,hak,Hakka,HAKKA,Hakka,
162168,hak,Wider Hakka,"PONTIANAK, HAKKA",,
19733,haq,Ha,IGIHA,Ha,
4473,hat,Haitian,HAITIAN CREOLE,Haitian,
1341,hau,Hausa,HAUSA,Hausa,
184517,haw,Nihau,HAWAIIAN NI'HAU,Nihau,
14201,hay,Haya,HAYA,Haya,
450,haz,Central Hazaragi,HAZARAGI,Qazvini,Central Hazaragi
9597,hbb,Kilba,HUBA,,
140943,hbn,Eebang,HEIBAN,Eebang,
8277,hch,Wider Hichola,HUICHOL,,
4667,hdy,Hadiyya,HADIYYA,Hadiyya,
6930,heb,Modern Hebrew,HEBREW,Modern Hebrew,
14192,heh,Hehe,HEHE,Hehe,
15557,hem,Hemba,HEMBA,Hemba,
1454,her,Herero,HERERO,Herero,
53300,hif,Fijian Hindi,FIJI-HINDI,Awadhi,Fijian Hindi
22645,hig,Kamwe,HIGGI,,
19738,hil,Hiligaynon,HILIGAYNON,Hiligaynon,
6464,hin,Hindi,HINDI,Hindi,
1566,hix,Hishkaryana,HIXKARYANA,Hishkaryana,
184462,hkk,Hunjara,KOKODA K AINAKE,Hunjara,
12065,hla,East Buka,HALIA,,
19739,hlb,Halbi,HALBI,Halbi,
22812,hmd,Hua Hwa,A-HMAO,Hmong Njua,Hua Hwa
22819,hmj,Chonganjiang,GE,Hmong Daw,Chonganjiang
21120,hmo,Hiri Motu,HIRI MOTU,Hiri Motu,
6465,hmr,Hmar,HMAR,Hmar,
22826,hmz,Sinicized Miao,HMONG SHUAD,Hmong Njua,Sinicized Miao
10455,hnd,Hindko,"HINDKO, SOUTHERN",Hindko,
6463,hne,Chhattisgarhi,CHHATTISGARHI,Chhattisgarhi,
184506,hni,Hani,"HANI, HAYA",,
10450,hno,Hindki,"HINDKO, NORTHERN",Hindki,
5511,hns,Caribbean Bhojpuri,"HINDI, CARIBBEAN",Caribbean Bhojpuri,
1189,hoc,Ho,HO,Ho,
20696,hoj,Harauti,HADOTHI,Harauti,Harauti
12057,hot,Hote,HOTE,Hote,
3976,how,Honi,"HANIQ, BEEQHONGQ",Honi,
19747,hre,Hre,HRE,Hre,
1109,hrv,Croatian,CROATIAN,Croatian,
20627,hsn,Xiang,XIANG,Xiang,
184483,hub,Huambisa,WAMPIS,Huambisa,
12053,hui,Huli,HULI,Huli,
15548,hum,Hungaan,HUNGANA,Hungaan,
1107,hun,Hungarian,HUNGARIAN,Hungarian,
108102,hun,Csango,CSANGO,Csango,
8265,hus,West Huastec,"HUASTECO, SAN LUIS POTOSI",West Huastec,
8272,hus,East Huastec,"HUASTECO, VERACRUZ",East Huastec,
140882,huu,Wider Murui Huitoto,"HUITOTO, MURUI",,
8266,huv,West Huave,"HUAVE, SAN MATEO DEL MAR",West Huave,
17346,hvn,Sawu,SABU,,
140893,hwc,Hawaiian Creole,HAWAI'I PIDGIN,Hawaiian Creole,
119277,hwo,Tuftera,HONA,Tuftera,
646,hye,East Armenian,ARMENIAN,East Armenian,
20550,hyw,West Armenian,"ARMENIAN, WESTERN",West Armenian,
1924,iba,Iban Sarawak,IBAN,,
9811,ibb,Ibibio,IBIBIO,Ibibio,
12750,ibg,Ybanag,IBANAG,,
12747,ibl,Baloi,IBALOI,Baloi,
9774,ibo,Igbo,IGBO,Igbo,
139157,ibo,Afikpo,EHUGBO,Central North Igbo,Afikpo
148878,ibo,Onitsha,ENUANI,Central North Igbo,Onitsha
177626,ich,Cen,ICHEN,Cen,
184519,icr,San Andres,SAN ANDRES ISLANDER CREOLE,San Andres,
105534,ida,Tiriki,TIRIKI,Tiriki,
184549,idd,Idaca,IDAASHA,West Yoruba,Idaca
9793,idu,Wider Idoma,IDOMA,,
12743,ifa,Amganad,"IFUGAO, AMGANAD",Amganad,
1338,ife,Ife,IFE,Central Yoruba,Ife
141009,ifu,Mayoyao,"IFUGAO, MAYOYAO",Mayoyao,
9789,igb,Wider Ebira,EBIRA,,
9784,ige,Ju,IGEDE,Ju,
9779,igl,Gala,IGALA,Gala,
3732,iii,Wider Thongho,"NOSU, SHENGZHA",,
22863,iii,Wider Thongho,SUODI,,
53432,ijc,Kolokuma,KOLOKUMA (IZON),Kolokuma,
9733,ijn,Kalabari,KALABARI,Kalabari,
9731,ijs,Nembe,NEMBE,Nembe,
3076,ike,East Eskimo,"INUKTITUT, EASTERN CANADIAN",,
9728,ikk,Ika,IKA,Ika,
14188,ikz,Zu,IKIZU,Zanaki,Zu
19759,ilb,Ila,ILA,Ila,
184845,ilk,Lon Got,BUGKALOT,Lon Got,
12723,ilo,Ilocano Vehicular,ILOCANO,Ilocano Vehicular,
98588,ilp,,IRANUN,,
185197,ilp,Sabah Ila,"IRANUN, WESTERN",Sabah Ila,
12040,imo,Ubu Ugu,IMBONGU,,
16639,ind,Indonesian,INDONESIAN (YESUS),Indonesian,
184566,ind,Indonesian,INDONESIAN (ISA),Indonesian,
18555,inh,Ingush,INGUSH,Ingush,
98663,ipi,Ipili,IPILI,,
9691,iqw,Ikwo,IKWO,Ikwo,
44748,iri,Nka Rigwe,RIGWE,Nka Rigwe,
14187,irk,Iraqw,IRAQW,Iraqw,
6440,iru,Irula,IRULA,Irula,
12714,isd,Isneg,ISNAG,,
184584,isi,Kum,NKIM-NKUM,Kum,
5563,isl,Icelandic,ICELANDIC,Icelandic,
9699,iso,Isoko,ISOKO,Isoko,
4415,ita,Italian Formal,ITALIAN,Italian Formal,
184691,itd,,"TIDUNG, SOUTHERN",,
21740,its,Itsekiri,ITSEKIRI,Itsekiri,
20717,itv,Itawis,ITAWIS,Itawis,
22098,ium,Iu Mien,YAO (IU MIEN),Iu Mien,
141113,ivv,North Ivatan,IVATAN,,
5420,ixl,Ixil Nebaj,"IXIL, NEBAJ",Ixil Nebaj,
10106,izr,Wider Izere,IZERE,,
9694,izz,Izi,Izii,Izi,
1552,jaa,Jarawara,JARUARA,Jarawara,
98630,jab,Hyam,HYAM,Hyam,
5415,jac,West Jacaltec,"JACALTECO, WESTERN",West Jacaltec,
141124,jae,Yabem,YABEM,Yabem,
4203,jam,West Indies Creole,WESTERN CARIBBEAN CREOLE ENGLISH,,
184701,jam,Western Caribbean Creole,JAMAICAN PATWA,Western Caribbean Creole,
13195,jav,Javanese,JAVANESE,Javanese,
19766,jav,Cirebon,CIREBON,Javanese,Cirebon
19767,jav,Banten,"JAVANESE, BANTEN",Banten,
184911,jav,Central West Jawa,JAVANESE BANYUMASAN,Javanese,Central West Jawa
17753,jax,Djamb,"MALAY, JAMBI",Djamb,
10559,jdg,Jad,JADGALI,Jad,
141153,jeh,Jeh,JEH,Jeh,
32807,jen,Janjo,JENJO,,
141158,jer,Jera,JERE,,
119071,jgk,Jar,JAR,,
2344,jgo,Mundum,NGOMBA,Mundum,
9669,jib,Njikum,JIBU,Njikum,
14182,jit,Jita,JITA,Jita,
4499,jiv,Shuar,SHUAR,Shuar,
24142,jmc,Mashami,MASHAMI-CHAGGA,Mashami,
141060,jmd,Wider Yamdena,YAMDENA,,
53298,jml,Jumleli,KARNALI,Nepali,Jumleli
141066,jmw,Mouwase,MOUWASE,Omati,Mouwase
6428,jns,Jaunsari,JAUNSARI,Jaunsari,
7138,jos,Jordanian Sign Language,JORDANIAN SIGN LANGUAGE,Levantine Arabic,Jordanian Sign Language
7083,jpn,Japanese,JAPANESE,Japanese,
22499,jra,Djarai,JORAI,,
7090,jsl,Japanese Sign Language,JAPANESE SIGN LANGUAGE,Japanese,Japanese Sign Language
141238,jud,Woroduguka,WORODOUGOU,Woroduguka,
22205,juk,Wapan,JUKUN,Wapan,
6426,jun,Juang,JUANG,Juang,
6425,juy,Juray,JURAY,Juray,
4940,jvn,Jawa Surinam,"JAVANESE, CARIBBEAN",Jawa Surinam,
448,kaa,Karakalpak,KARAKALPAK,Karakalpak,
494,kab,Central Kabyle,KABYLE,Central Kabyle,
139137,kab,East Kabyle,Tasahlit,East Kabyle,
4088,kac,Jing Pho,JINGPHO,Jing Pho,
180999,kad,Kadara,EDA,,
20738,kai,Karekare,KARAI-KARAI,,
9639,kaj,J Ju,JJU,J Ju,
163423,kak,Kalahan,KALANGUYA,,
21199,kal,Kalaallisut Formal,KALAALLISUT (GREENLANDIC),Kalaallisut Formal,
20730,kam,Kamba,KIKAMBA,Kamba,
6318,kan,Kannada,KANNADA,Kannada,
141265,kao,Khasonka,XAASONGAXANGO,Khasonka,
141267,kaq,Capa,CAPANAHUA,Capa,
6298,kas,Kashmiri,KASHMIRI,,
5112,kat,Georgian,GEORGIAN,Georgian,
371,kaz,Kazakh,KAZAKH,Kazakh,
1538,kbc,Kadiweu,KADIWEU,Kadiweu,
14632,kbd,Central Qaberdey,KABARDIAN,Qaberdey,Central Qaberdey
98838,kbo,Kaliko,KELIKO,Kaliko,
1336,kbp,Kabiye,KABIYE,Kabiye,
12019,kbq,Kamano,KAMANO,Kamano,
22439,kbr,Kafaa,KAFA,Kafaa,
42106,kby,Manga,MANGA,Manga,
98853,kcg,Tab,TYAP,Tab,
1510,kck,Kalanga,KALANGA,Kalanga,
9618,kcq,Kamo,KAMO,Kamo,
141310,kdc,Kutu,KUTU,Kutu,
8433,kde,South Makonde,"MAKONDE, MOZAMBIQUE",Makonde,South Makonde
141311,kdf,Mamusi,MAMUSI,Mamusi,
1335,kdh,Tem,TEM,Tem,
14677,kdi,Kumam,KUMAM,Kumam,
20736,kdj,Karimojong,NGAKARIMOJONG,Karimojong,
9616,kdl,Kimba,TSIKIMBA,Agaushi,Kimba
163660,kdn,South Kunda,CHIKUNDA,South Kunda,
2173,kdt,Kuy,KUY,Kuy,
53431,kea,Sotavento,"KABUVERDIANU, SOTAVENTU",Caboverdian,Sotavento
139094,kea,Barlavento,"KABEVERDIANE, BARLAVENTE",Caboverdian,Barlavento
141325,ked,Kerebe,KEREWE,Kerebe,
1276,kek,Wider Kekchi,KEKCHI,,
13692,keo,Kakwa,KAKWA,Kakwa,
141199,keu,Gberi Ke,AKEBU,Gberi Ke,
6414,kex,Kungabi,KUKNA,Konkan Marathi,Kungabi
141202,key,Kupia Odia,KUPIA,Kupia Odia,
9604,kez,Wider Kele,KUKELE,,
163136,kfb,Kolamboli,KOLAMI,,
141204,kfc,Wider Kondadora,KONDA-DORA,,
6400,kff,Koya,KOYA,Koya,
148910,kff,Malakanagiri Koya,MALKANGIRI KOYA,Koya,Malakanagiri Koya
98730,kfi,Central Kurumba,KURUMBA KANNADA,Central Kurumba,
6383,kfk,Kinnauri Vehicular,KINNAURI,Kanauri,Kinnauri Vehicular
6372,kfp,Korwa,KORWA,Korwa,
6370,kfq,Wider Korku,KORKU,,
21661,kfr,Kachchi,KACHCHHI,Kachchi,
6362,kft,Kanjari,KANJARI,Kangri,Kanjari
23692,kfx,Kului,KULVI,Kului,
6353,kfy,Kumauni,KUMAUNI,Kumauni,
17752,kge,Komering,KOMERING,Komering,
622,kgk,Kaingwa,KAIWA,Kaingwa,
1197,kha,Khasi,KHASI,Khasi,
20789,khb,Tai Lu,TAI LUE,Tai Lu,
23225,khg,Kham,"KHAMPA, EASTERN",Kham Atuence,Kham
18259,khk,Halh,"MONGOLIAN, HALH",Halh,
24024,khm,Phnom Penh,"KHMER, CENTRAL - M",Central Khmae,Phnom Penh
178043,khm,Central Khmae,KHMER,Central Khmae,
164337,khn,Khandesi,KHANDESHI BHILI,Khandesi,
24012,khq,Timbuktu,"SONGAI, TIMBUKTU",West Songhay,Timbuktu
6326,khr,Kharia,KHARIA,Kharia,
10558,khw,Khowar,KHOWAR,Khowar,
19803,khy,Kele,KELE,Kele,
99042,khz,Keopara,KEAPARA,Keopara,
139193,khz,Keopara,Keakalo,Keopara,
141334,kib,Koalib,KOALIB,,
20679,kik,Kikuyu,KIKUYU,Kikuyu,
20900,kin,Rwandese,KINYARWANDA,Rwandese,
106188,kin,Fumbwa,RUFUMBIRA,Rwandese,Fumbwa
53299,kir,Kirghiz,KYRGYZ,Kirghiz,
22684,kiu,Kurmanjiki,DERSIM ZAZAKI,Kurmanjiki,
149217,kiw,Wider Kiwai,KOPE,,
149219,kiw,Wider Kiwai,GIBAIO,,
163806,kix,Khiamngan,KHIAMNIUNGAN,West Khiamngan,Khiamngan
141355,kjb,East Kanjobal,Q'ANJOB'AL,East Kanjobal,
3817,kjg,Khmu,KHMU,Khmu,
3816,kjh,Khakas,KHAKAS,Khakas,
141359,kji,Zabana,ZABANA,Zabana,
17518,kjk,Konjo Pegunungan,"KONJO, HIGHLAND",Konjo Pegunungan,
141363,kjo,Kanauri,"KINNAURI, PAHARI",Kanauri,
14295,kjp,Kanchana Buri,"KAREN, PWO EASTERN",Kanchana Buri,
14157,kki,Kagulu,KAGULU,Kagulu,
2639,kkj,Kako,KAKO,Kako,
12693,klg,Tagakaulu,"KALAGAN, TAGAKAULU",Tagakaulu,
11956,klq,Kairi,RUMU,Kairi,
20750,klu,Wider Kru,KRU,,
141436,klv,Kuliviu,MASKELYNES,Kuliviu,
164090,klw,Lindu,TADO,Lindu,
5303,kma,Kon,KONNI,Kon,
569,kmb,Mbundu,KIMBUNDU,Mbundu,
3803,kmc,Kam,"DONG, SOUTHERN",Kam,
20770,kmr,Northern Kurdish,KURMANJI STANDARD,,
21096,kmr,Northern Kurdish,KURMANJI - CIS,,
53333,kmr,Behdini,"KURDI, BEHDINI",Behdini,
184484,kmr,Northern Kurdish,"KURDISH, AFRINI",,
141455,kms,Kamasau,KAMASAU,Kamasau,
19822,kna,Dera,DERA,Dera,
149408,knb,Guinaang,GUINA-ANG KALINGA,Guinaang,
2614,knc,Yerwa,"KANURI, YERWA",Yerwa,
12682,kne,South Kankanaey,KANKANAEY,,
5042,knf,Mankany,MANKANYA,Mankany,
20754,kng,Kongo,KIKONGO,Kongo,
5428,knj,West Kanjobal,ACATECO,West Kanjobal,
5485,knk,Kuranko,KURANKO,Kuranko,
164216,knn,Konkan Marathi,MANGALOREAN KONKANI,Konkan Marathi,
23520,kno,Kono,"KONO, SIERRA LEONE",Kono,
22679,knx,Kendayan,KENDAYAN (KANAYATN),Selako,Kendayan
184936,knx,Selako,"BALANGIN, INDO",Selako,
15653,kny,Kanyoka,KANYOK,Kanyoka,
18528,koi,Komi Permyat,KOMI-PERMYAK,Komi Permyat,
3804,kor,Korean,KOREAN,Korean,
7350,kor,Hamgyong Nam Do,HAMGYONGDO,Northeast Hankukmal,Hamgyong Nam Do
24000,kor,Chosun Munhwa,"KOREAN, NORTH",Chosun Munhwa,
141382,kpc,Currim,CURRIPACO,Currim,
19241,kpm,Koho,KOHO,Koho,
5296,kpo,Akposo,AKPOSO,,
141560,kps,Tehit,TEHIT,Tehit,
18521,kpv,Komi Zyryan,KOMI-ZYRIAN,Komi Zyryan,
141566,kpz,Sabiny,KUPSAPIINY,Sabiny,
141569,kqc,Doromu,DOROMU-KOKI,Doromu,
24359,kqe,Kalagan,"KALAGAN, EASTERN",,
24360,kqe,Kalagan,"KALAGEN, WESTERN",,
15642,kqn,Kaonde,KAONDE,Kaonde,
22194,kqo,Cien,TCHIEN-KRAHN,Cien,
5481,kqs,North Kisi,"KISSI, NORTHERN",North Kisi,
141586,kqw,Kandas,KANDAS,Kandas,
4656,kqy,Koore,KOORETE,Koore,
18518,krc,Balkar,BALKAR,Balkar,
4547,kri,Krio,KRIO,Krio,
12672,krj,Kinaray,KINARAY-A,,
4835,krl,Wider Karelian,KARELIAN,,
99152,krs,Kresh,"GBAYA-KRESH, SOUTH SUDAN",,
1194,kru,Kurux,KURUX,,
141602,krx,Karon,KARON,Karon,
14154,ksb,Shambala,SHAMBALA,Shambala,
141610,ksj,Kwale,UARE,Kwale,
3191,ksp,Kaba,KABA,Kaba,
7587,kss,South Kisi,"KISI, SOUTHERN",South Kisi,
8631,ksw,Sgaw Karen,"KAREN, SGAW",Sgaw Karen,
6282,ksz,Koraku,KORAKU,Koraku,
4655,ktb,Kambata,KAMBAATA,Kambata,
99184,ktj,Pla,"KROUMEN, PLAPO",Pla,
15639,ktu,Kituba,KITUBA,Kituba,
548,kua,Kwanyama,KWANYAMA,Kwanyama,
2590,kub,Kutep,KUTEB,,
141644,kud,Auhelawa,AUHELAWA,,
19854,kue,Kuman,KUMAN,Kuman,
121129,kuh,Chonge,GOJI,Chonge,
141647,kui,Kuikuro,KUIKURO-KALAPALO,Kuikuro,
7186,kuj,Koria,KURIA,Koria,
14629,kum,Kumyk,KUMYK,Kumyk,
4585,kun,Kunama,KUNAMA,,
11789,kup,Kunimaipa,KUNIMAIPA,,
5261,kus,Ango,"KUSAAL, EASTERN",Kusaal,Ango
141667,kvg,Kuni,KUNI-BOAZI,Kuni,
7355,kvk,Korean Sign Language,KOREAN SIGN LANGUAGE,Korean,Korean Sign Language
17739,kvr,Kerinci,KERINCI,Kerinci,
10536,kvx,Parkari,"KOHLI, PARKARI",Parkari,
141513,kwd,Kwaio,KWAIO,Kwaio,
141515,kwf,Kwaraae,Kwara'ae,Kwaraae,
547,kwn,Kwangali,KWANGALI,Kwangali,
184571,kwx,,PALAMUA,,
545,kwy,Koongo Formal,"KONGO, SAN SALVADOR",Koongo,Koongo Formal
20753,kxc,Karatti,KONSO,Karatti,
14384,kxm,North Khmeer,"KHMER, NORTHERN",North Khmeer,
184810,kxp,Tharadari,THRADHRI KOHLI,Tharadari,
6275,kxv,Kuvi,KUVI,Kuvi,
184467,kxv,Kuvi,"KUVI, ODISHA",Kuvi,
14132,kya,Kwaya,KWAYA,Kwaya,
184818,kye,Krachi,KAAKYE,,
99359,kyf,Kuya,KOUYA,Kuya,
99364,kyk,Wider Camayo,KAMAYO,,
23549,kyu,Kayah,"KAYAH LI, WESTERN",Kayah,
1624,kyz,Kayabi,KAYABI,Kayabi,
17509,kzf,Daa,"KAILI, DAA",Daa,
7793,kzn,Kokola,KOKOLA,Chwabo,Kokola
19877,kzr,Karang,KARANG,Karang,
164996,lag,Langi,KILAANGI,Langi,
7792,lai,Lambya,LAMBYA,Lambya,
19884,laj,Lango,LANGO,Lango,
15631,lam,Lamba,LAMBA,Lamba,
7411,lao,Lao,LAO,Lao,
1333,las,Lama,LAMA,Lama,
18509,lbe,Lak,LAK,Lak,
6271,lbj,Ladakhi,LADAKHI,Ladakhi,
99260,lbr,North Lorong,"LORUNG, NORTHERN",,
17501,lbw,Laki,TOLAKI,,
16805,lbx,Lawangan,LAWANGAN,Lawangan,
555,lch,Luchazi,LUCHAZI,Luchazi,
141739,ldb,Dun,DUYA,Dun,
4350,ldi,Laadi,LAADI,Kongo,Laadi
22652,lea,Lega Shabunda,KILEGA,Lega Shabunda,
15622,leb,Lala,LALA,Lala,
15615,led,Bale,LENDU,Bale,
2035,lee,Wider Lele,LYELE,,
5251,lef,Lemi,LELEMI,Lemi,
19898,leh,Lenje,LENJE,Lenje,
1352,lep,Lepcha,LEPCHA,Lepcha,
17492,lew,Ledo,"LEDO, IJA",Ledo,
1127,lez,Kiuri,LEZGI,Kiuri,
141767,lga,Lungga,LUNGGA,Lungga,
23981,lgg,High Lugbara,LUGBARA,,
141771,lgl,Langalanga,WALA,Langalanga,
3794,lhu,Lahu,LAHU,Lahu,
13110,lia,Central West Limba,"LIMBA, WEST-CENTRAL",,
184933,lia,Sela,"LIMBA, TONKO-SELLA",Sela,
184504,lic,Ben Di,"HLAI, HAS",Ben Di,
6259,lif,Limbu,LIMBU,,
141789,lih,Lihir,LIHIR,Lihir,
15395,lik,Lika,LIKA,Lika,
4344,lin,Lingala,LINGALA,Lingala,
7586,lir,Kroo English,"PIDGIN, LIBERIAN",Kroo English,
19908,lis,Lisu,LISU,Lisu,
7698,lit,Lithuanian,LITHUANIAN,Lithuanian,
141796,liw,Lembak,COL,Lembak,
53434,liy,Linda,BANDA-LINDA,Linda,
19912,lje,Rampi,RAMPI,Rampi,
141801,ljp,Lampung,LAMPUNG API,Lampung,
106963,lla,Lala,LALA,,
27261,llb,Lolo,LOLO,Lomwe,Lolo
149957,llp,Guna,NGUNA,Guna,
141728,lmd,Lumun,LUMUN,Lumun,
2561,lme,Peve,PEVE,Peve,
141734,lml,Hano,HANO,Hano,
20777,lmn,Lambadi,LAMBADI,Lambadi,
2565,lmp,Mbum,LIMBUM,Mbum,
53433,lnl,Ngbugu,NGBUGU,Ngbugu,
2331,lns,Nsaw,LAMNSO,Nsaw,
9506,lnu,Guyuwa,LONGUDA,Guyuwa,
143751,lob,Lobi,LOBI,Lobi,
12657,loc,Inonhan,INONHAN,,
144834,loe,Seluang,SALUAN,Seluang,
15383,log,Logo,LOGO,Logo,
99460,loh,Larimo,LAARIM,Larimo,
19922,lok,Landogo,LOKO,Landogo,
15300,lol,Mongo,MONGO-NKUNDU,Mongo,
7584,lom,Loma,LOMA,Loma,
184513,lon,Lomwe,ELLOMWE,Lomwe,
4343,loq,Bala,LOBALA,Bala,
53422,lot,Tuho,OTUHO (LOTUKO),Tuho,
8799,loz,Lozi,LOZI,Lozi,
22839,lpo,Lipo,"LIPO, EASTERN",Lisu,Lipo
23743,lrc,Luri,"LURI (LURISTAN PROVINCE, IRAN)",Luri,Luri
143834,lro,Laaru,LARO,Laaru,
4045,lsi,Lashi,LASHI,Lashi,
7235,lsm,Saamia,SAMIA,Saamia,
139156,lth,Labwor,THUR,Labwor,
99504,lts,Taconi,OLUTACHONI,Taconi,
20790,lua,Luba-Kasai,TSHILUBA,Luba-Kasai,
20791,lub,Luba-Katanga,KILUBA,Luba-Katanga,
99508,luc,Low Lugbara,ARINGA,,
554,lue,Luvale,LUVALE,Luvale,
20675,lug,Ganda,LUGANDA,Ganda,
573,lun,Lunda,LUNDA,Lunda,
19936,luo,Luo,LUO,Luo,
23578,lus,Mizo,"MIZO, LUSHAI",Mizo,
7519,lvs,Latvian,LATVIAN,Latvian,
20794,lwg,Wanga,"WANGA, LUHYA",Wanga,
13915,lwo,Lwo,LUWO,Lwo,
144042,lww,Varsu,LEWO,Varsu,
184511,lyn,Kwangwa,KWANGWA,Kwangwa,
13183,mad,Madurese,MADURA,,
153673,mad,Bawean,BAWEAN,West Madura,Bawean
2556,maf,Central Matakam,MAFA,,
6186,mag,Magahi,MAGAHI,Magahi,
7889,mah,Marshallese,MARSHALLESE,,
6199,mai,Maithili,MAITHILI,Maithili,
153840,mai,Maithili,VAJJIKA,Maithili,
183121,mai,Kortha,KORTHA,Kortha,
21248,mak,Makasar,MAKASAR,,
19985,mal,Malayalam,MALAYALAM,Malayalam,
5408,mam,Mam Comitancillo,"MAM, CENTRAL",Mam Comitancillo,
5410,mam,Mam Tajumulco,"MAM, TAJUMULCO",Mam Tajumulco,
5427,mam,Mam Huehuetenango,"MAM, NORTHERN",Mam Huehuetenango,
6174,mar,Wider Marathi,MARATHI,,
7309,mas,Maasai,MAASAI,Maasai,
8245,mau,Huautla De Jimenez,"MAZATECO, HUAUTLA DE JIMENEZ",West Mazatec,Huautla De Jimenez
184849,mav,Satare,SATERE-MAWE,Satare,
5240,maw,Mampru,MAMPRULI,Mampru,
16900,max,North Moluccan Malay,"MALAY, NORTH MOLUCCAN",,
8241,maz,Central Mazahua,MAZAHUA,,
144210,mbb,South Mindanao Bukid,"MANOBO, WESTERN BUKIDNON",,
1608,mbl,Maxacali,MAXAKALI,,
99564,mbs,Sarangani Manobo,"MANOBO, SARANGANI",,
12640,mbt,Matig Salug,"MANOBO, MATIGSALUG",Matig Salug,
9490,mbu,Mbula,MBULA,Mbula,
9491,mbu,Bwazza,BWAZZA,Bwazza,
144228,mbz,Amoltepec,"MIXTEC, AMOLTEPEC",Amoltepec,
173888,mcb,Machigue Nga,MATSIGENKA,Machigue Nga,
1604,mcf,Matses,MATSES,Matses,
2538,mcn,Masana,MASANA,,
8235,mco,Mixe Coatlan,"MIXE, COATLAN",Mixe Coatlan,
2530,mcp,South Makaa,MAKAA,South Makaa,
144299,mcq,Managulasi,ESE,,
3207,mcx,Pyemo,MPYEMO,Pyemo,
19951,mda,Mada,MADA,Mada,
18487,mdf,Mokshen,MOKSHA,Mokshen,
12635,mdh,Maginda Naon,MAGINDANAON,,
14749,mdj,Mangbetu,MANGBETU,Mangbetu,
15329,mdm,Yogo,MAYOGO,Yogo,
19953,mdp,Wider Mbala,MBALA,,
17471,mdr,Mandar,MANDAR,,
4336,mdw,Boshi,MBOSI,Boshi,
4768,mdy,Male,MALE,Male,
101718,med,Medlpa,MELPA,Medlpa,
144461,mek,Mekeo,MEKEO,Mekeo,
7577,men,Mende,MENDE,Mende,
101729,meq,Merey,MEREY,Merey,
20824,mer,Meru,KIMERU,Meru,
144465,met,Nenaya,MATO,Nenaya,
5472,mev,Ma,MANO,,
7839,mey,Hassaniyya,"ARABIC, HASSANIYA",Hassaniyya,
14386,mfa,Pattani Malay,"MALAY, PATTANI",Pattani Malay,
144471,mfb,Outer Lom,BANGKA,,
21197,mfe,Mauricien,KREOL MAURICEAN,Mauricien,Mauricien
101827,mfh,Matal,MATAL,Matal,
139128,mfm,South Marghi,MARGI SOUTH,,
9473,mfn,West Mbembe,"MBEMBE, CROSS RIVER",,
101833,mfo,Be,MBE,Be,
2029,mfq,Central Moba,MOBA,Central Moba,
8230,mfs,Mexican Sign Language,MEXICAN SIGN LANGUAGE,South American,Mexican Sign Language
23979,mfv,Mandyak,MANJAKU,Mandyak,
13901,mgd,Moru,MORU,Moru,
26152,mge,Mango,MANGO,Mbai Doba,Mango
32122,mgi,Jili,MIGILI,Jili,
1371,mgp,East Magar,"MAGAR, EASTERN",East Magar,
14260,mgq,Malila,MALILA,Malila,
14259,mgr,Lungu,MAMBWE-LUNGU,Mambwe,Lungu
144630,mgu,Mailu,MAILU,Mailu,
14255,mgv,Matengo,MATENGO,Matengo,
14254,mgw,Matumbi,MATUMBI,Matumbi,
144632,mgz,Mbugwe,MBUGWE,Mbugwe,
13893,mhi,Moyo,MADI,Moyo,
2485,mhk,Ngaka,MUNGAKA,Ngaka,
184452,mho,Mashi,KWAMASHI,Mashi,
18489,mhr,Olik Mari,"MARI, LOW",Olik Mari,
144716,mhu,Digaru,DIGARO-MISHMI,Digaru,
570,mhw,North Mbukushu,MBUKUSHU,North Mbukushu,
23044,mhx,Lawng Hsu,LHAO VO,Lawng,Lawng Hsu
16781,mhy,Maanyan,MAANYAN,Maanyan,
184833,mie,Tomas Ocotepec,MIXTECO CUQUILA OCOTEPEC,Tomas Ocotepec,
23922,mif,Gudur,MOFU-GUDUR,Gudur,
8303,mil,Penoles,"MIXTECO, EASTERN",Penoles,
8299,mim,Alacatlatzala,"MIXTECO, ALACATLATZALA",Alacatlatzala,
184832,mim,Potoichan,MIXTECO POTOICHAN,Alacatlatzala,Potoichan
17695,min,Minang Kabau,MINANGKABAU,,
8296,mip,Apasco,"MIXTECO, SANTA MARIA APASCO",North Nochixtlan,Apasco
5527,miq,Miskitu,MISKITO,Miskitu,
8293,mit,Acatlan,"MIXTECO, SOUTHERN PUEBLA",Acatlan,
26162,miy,Ayutla,"MIXTEC, AYUTLA",Ayutla,
139089,mjg,Zhu,"TU, HUZHU",Zhu,
139111,mjg,Minhe Yongjing,MANGGHUER WUGE,Minhe,Minhe Yongjing
6242,mjl,Mandeali,MANDEALI,Mandeali,
6222,mjt,Sawriya Malto,SAURIA PAHARIA,Malto,Sawriya Malto
23563,mjw,Karbi,KARBI,Mikiri,Karbi
143400,mjz,Manjhi,MAJHI,Manjhi,
6210,mkb,Malto,MAL PAHARIA,Malto,
20796,mkd,Macedonian,MACEDONIAN,Macedonian,
19988,mke,Mawchi,MAWCHI,Mawchi,
9461,mkf,Miya,MIYA,,
10529,mki,Dhatki,DHATKI,Sindhi Marwari,Dhatki
8287,mks,Silacayoapan,"MIXTECO, SILACAYOAPAN",Silacayoapan,
24413,mku,Konyanka,"MANINKA, KONYANKA",Konyanka,
4334,mkw,Mono Ku Tuba,MUNUKUTUBA,Kituba,Mono Ku Tuba
184646,mlq,West Maninka,"MALINKE, KENIEBA",West Maninka,
3531,mls,Masalit,MASALIT,Masalit,
7885,mlt,Maltese,MALTESE,Maltese,
17462,mnb,Wuna,MUNA,,
2440,mnf,Dani,MUNDANI,Dani,
20007,mnh,Mono,MONO,Mono,
143789,mni,Meithei,MEITEI,Meithei,
5040,mnk,Mandinka,MANDINKA,Mandinka,
20010,mnw,Mon,MON,Mon,
143863,moa,Mwa,MWAN,Mwa,
127397,moe,Uashau Innuts,INNU,Uashau Innuts,
17467,mog,Bolaang Mongondow,MONGONDOW,Bolaang Mongondow,
13889,mor,Morong,MORO,Morong,
2028,mos,Mossi,MOORE,Mossi,
143877,moy,Mocha,SHEKKACHO,Mocha,
7791,mpa,Mpoto,MPOTO,Mpoto,
143881,mpe,Majang,MAJANG,Majang,
3534,mpg,Marba,MARBA,Marba,
100947,mqb,Mbuko,MBUKO,Mbuko,
16777,mqg,Kota Bangun,"MALAY, KOTA BANGUN KUTAI",Kota Bangun,
17616,mqj,Wider Mamasa,MAMASA,,
153568,mqj,South Mamasa,PATTAE',South Mamasa,
100953,mql,Mbelime,MBELIME,Mbelime,
127670,mqu,Mundari,MUNDARI (South Sudan),Mundari,
20025,mqx,Mamuju,MAMUJU,Mamuju,
17282,mqy,Wider Manggarai,MANGGARAI,,
9030,mrd,West Magar,"MAGAR, WESTERN",West Magar,
24177,mrg,Mishing,MISING,Mishing,
9198,mri,Maori,MAORI,Maori,
144083,mrn,Cheke Holo,CHEKE HOLO,,
1251,mro,Mru,MRU,Mru,
6178,mrr,Maria,MARIA,Maria,
9495,mrt,Marghi,MARGHI CENTRAL,Marghi,
12624,mrw,Ranao,MARANAO,Ranao,
12622,msb,Masbate,MASBATENYO,Masbate,
23196,msh,Masikoro,MASIKORO,Masikoro,
184668,msm,Wider Agusan Manobo,AGUSAN-SURIGAO MANOBO,,
5038,msw,Sua,MANSOANKA,Sua,
173673,mta,South Cotabato,DULANGAN MANOBO,,
144156,mtd,Maung,MUALANG,Maung,
184512,mtl,Montol,TEHL,Montol,
19191,mtq,Muong,MUONG,Muong,
20814,mtr,Mewari,MEWARI,Mewari,
2453,mua,Mundang,MUNDANG,,
2449,mug,Muskum,MUSGU,Muskum,
184502,muh,Wider Mundo,MUNDU,,
17774,mui,Jawa Palembang,PALEMBANG,Jawa Palembang,
6171,mup,Malvi,MALVI,Malvi,
4764,mur,Murle,MURLE,Murle,
101474,mut,Kondagaon Muria,"MURIA, WESTERN",Maria,Kondagaon Muria
2430,muy,Muyang,MUYANG,Muyang,
10527,mve,Sindhi Marwari,"MARWARI, NORTHERN",Sindhi Marwari,
10528,mve,Bhil Marwari,"MARWARI, SOUTHERN",Bhil Marwari,
22293,mvf,Oyrat,INNER MONGOLIAN,Oyrat,
17601,mvp,Duri,DURI,Duri,
10526,mvy,Palasi,"KOHISTANI, INDUS",Palasi,
144351,mwc,Are,ARE,Are,
14124,mwe,Mwera,MWERA,Mwera,
184647,mwk,Kita,"MALINKE, KITA",East Maninka,Kita
22640,mwm,Majingai,SARA,Majingai,
53095,mwn,Mwanga,NAMWANGA,Mwanga,
8746,mwq,Mun,"CHIN, MUN",Mun,
101562,mwt,Moken,MOKEN,Moken,
17797,mwv,Mentawei,MENTAWAI,,
4012,mww,Hmong Daw,HMONG DAW,Hmong Daw,
8202,mxa,Northwest Oaxaca,"MIXTECO, NORTHWEST OAXACA",Northwest Oaxaca,
8456,mxc,Central Manyika,MANYIKA,Central Manyika,
144425,mxe,Mele,MELE-FILA,Mele,
144427,mxj,Miju,MIJU-MISHMI,Miju,
8193,mxv,Metlatonoc,"MIXTECO, METLATONOC",Metlatonoc,Metlatonoc
24007,mxv,Mixteco Terroro Venado,"MIXTECO, TERRORO VENADO",Metlatonoc,Mixteco Terroro Venado
24293,mya,Central Burmese,BURMESE MUSSELMANI,Central Burmese,
184854,mya,Myan Formal,"BURMESE, STANDARD",Central Burmese,Myan Formal
184855,mya,Bama General,"BURMESE, COMMON",Central Burmese,Bama General
20917,myk,Minianka,MINIANKA,,
101665,myl,Moma,MOMA,Moma,
144517,mym,Meen,ME'EN,Meen,
1821,myu,Mundurucu,MUNDURUKU,Mundurucu,
18483,myv,Erzyan,ERZYA,Erzyan,
20815,myx,Masaba,LUMASABA,Masaba,
175157,mzk,Naare,MAMBILLA,Naare,
2441,mzm,East Mumuye,MUMUYE,,
24216,mzm,Zing,ZING,Zing,
144593,mzw,Deg,DEG,Deg,
1816,nab,Southeast Nambikwara,"NAMBIKUARA, SOUTHERN",,
20842,nag,Jiharwa,NAGAMESE,Jiharwa,
11536,nak,Nakonai,NAKANAI,,
53327,naq,Khoi-Khoi,KHOEKHOEGOWAB,,
20061,nas,Nasioi,NAASIOI,Nasioi,
8818,nau,Nauru,NAURUAN,Nauru,
19097,nav,Navajo,NAVAHO,Navajo,
101847,nbc,Chang,"NAGA, CHANG",Chang,
6144,nbe,Tableng,"NAGA, KONYAK",Tableng,
9410,nbh,Ngamo,NGAMO,Ngamo,
6110,nbi,Mao,"NAGA, MAO",Mao,
20852,nbl,South Ndebele,"NDEBELE, SOUTHERN",South Ndebele,
6108,nbu,Rongmai Naga,"NAGA, RONGMEI",,
26416,nbw,Ngbandi,NGBANDI-NGIRI,Ngbandi,
26419,nch,Central Huesteca,"NAHUATL, CENTRAL HUASTECA",Nahuatl,Central Huesteca
144765,ncj,North Puebla,"NAHUATL, NORTHERN PUEBLA",Nahuatl,North Puebla
5232,ncu,Wider Chumburu,CHUMBURUNG,,
8441,ndc,Ndau,NDAU,Ndau,
20851,nde,North Ndebele,"NDEBELE, NORTHERN",North Ndebele,
20070,ndh,Ndali,NDALI,Ndali,
184509,ndi,Samba Leko,SAMA MUM,Samba Leko,
14117,ndj,Ndamba,NDAMBA,Ndamba,
22379,ndl,Dolo,KINTANDU,Dolo,
176097,ndr,Ndoola,NDOLA,Ndoola,
143453,ndv,Ndut,NDUT,Ndut,
13876,ndz,Ndogo,NDOGO,Ndogo,
102103,neb,Ween,TOURA,Ween,
20830,neq,Atitlan,ATITLAN MIXE,Northeast Mixe,Atitlan
6093,new,Newari,NEWARI,Newari,
5228,nfr,Nafanra,NAFAANRA,,
4327,nga,Wider Ngbaka,NGBAKA,,
15269,ngb,Ngbandi,NGBANDI,Ngbandi,
20077,ngc,Ngombe,NGOMBE,Ngombe,
184944,ngc,Ngombe,"NGOMBE, NORTH",Ngombe,
9396,ngi,Ngezem,NGIZIM,Ngezem,
7790,ngl,Lomwe,LOMWE,Lomwe,
14115,ngp,Ngulu,NGULU,Ngulu,
20843,ngu,Guerrero,AZTEC NAHUATL GUERRERO,Nahuatl,Guerrero
143643,ngz,Gungwel,NGUNGWEL,Gungwel,
8188,nhe,Huautla,"NAHUATL, EASTERN HUASTECA",Nahuatl,Huautla
53392,nho,Takuu,TAKUU/NAKUMANU,Takuu,
2364,nhu,Noni,NOONE,Noni,
8170,nhw,Tamazunchale,NAHUATL WESTERN HUASTECA,Nahuatl,Tamazunchale
20089,nia,Wider Nias,NIAS,,
37411,nih,Nyiha Tanzania,ISHINYIHA,Nyiha,Nyiha Tanzania
172218,nij,Wider Ngadju,DAYAK NGAJU,,
24140,nim,Lyamba,NYIRAMBA,Lyamba,Lyamba
27269,nin,Ninzam,NINZO,Ninzam,
102324,niq,Nandi,NANDI,Nandi,
15256,nix,West Nyoro,HEMA,Nyoro-Toro,West Nyoro
24295,niy,Dru,NDRUNA,Dru,
2363,nja,Nzanyi,NZANYI,Nzanyi,
6079,njh,Lotha,"NAGA, LOTHA",Lotha,
6071,njm,Anga,"NAGA, ANGAMI",Anga,
143810,njn,Liang Mai,"NAGA, LIANGMAI",Liang Mai,
176313,njo,Ao,AO,Ao,
22564,njz,Nisi,NYISHI,Nisi,
15739,nka,Nkoya,NKOYA,Nkoya,
143890,nkh,Khezha,"NAGA, KHEZHA",Khezha,
2357,nla,Ngombale,NGOMBALE,Ngombale,
16214,nlc,Hmanggona,NALCA,Hmanggona,
1269,nld,Dutch,DUTCH,Dutch,
100971,nle,Northeast Nyala,NYALA,Northeast Nyala,
143904,nlg,Gela,GELA,Gela,
8164,nlv,Orizaba,"NAHUATL, ORIZABA",Nahuat,Orizaba
184815,nma,Outer Maram Naga,MARAM NAGA,,
6044,nmf,Tangkhul,"NAGA, TANGKHUL",Tangkhul,
15865,nmq,Nambya,NAMBYA,Nambya,
5220,nmz,Nawd,NAWDM,Nawd,
20849,nnb,Nande,KINANDI,Nande,
37552,nnc,Nancere,NANGJERE,Nancere,
2348,nnh,Ngiemboon,NGIEMBOON,Ngiemboon,
144101,nnj,Nyangatom,NYANGATOM,Nyangatom,
14108,nnq,Ngindo,NGINDO,Ngindo,
4187,noa,Waunana,WAUMEO,,
21118,nod,Lanna,"THAI, NORTHERN",Lanna,
6029,noe,Nimadi,NIMADI,Nimadi,
18634,nog,Noghay,NOGAI,Noghay,
101184,noi,Bhilodi,NOIRI,Vasavi,Bhilodi
11479,nop,Manggang,NUMANGGANG,,
10393,nor,Bok Mal,"NORWEGIAN, BOKMAL",Norwegian Formal,Bok Mal
176708,nph,Phom,PHOM,Phom,
1370,npi,Nepali,NEPALI,Nepali,
111586,npi,Acchami,ACCHAMI,Nepali,Acchami
111587,npi,Baitadi,BAITADELI,Nepali,Baitadi
111588,npi,Darjula,DARCHULELI,Nepali,Darjula
111589,npi,Bajhangi,BAJHANGI,Nepali,Bajhangi
184907,npi,Bajurali,BAJURELI,Nepali,Bajurali
8173,npl,Chilac,"NAHUATL, SOUTHEAST PUEBLA",Nahuat,Chilac
101301,npy,Napu,NAPU,Napu,
101310,nri,Chokri,"NAGA, CHOKRI",Chokri,
101316,nsa,Sangtam,"NAGA, SANGTAM",Sangtam,
24433,nsd,"Nisu, Southern",SOUTHERN NISU,"Nisu, Southern",
8464,nse,Nsenga,NSENGA,Nsenga,
144286,nsm,Sema Naga,"NAGA, SUMI",,
13465,nso,Pedi,"SOTHO, NORTHERN",Pedi,
6007,nst,Chem Chang,"TANGSHANG, SHECYU-CYAMCYANG",West Tase,Chem Chang
139179,nst,Wider Tangsa,HAKHUN,,
184546,nst,Khemsing,"TANGSA, KIMSING",West Tase,Khemsing
154395,ntk,Koma,IKOMA,Zanaki,Koma
144370,ntp,North Tepehuan,"TEPEHUAN, NORTHERN",North Tepehuan,
14731,nuj,Nyuli,NYOLE,Nyuli,
9384,nup,Wider Nupe,NUPE,,
4752,nus,Nuer,NUER,,
7481,nut,Nung,NUNG,Nung,
184629,nwb,Bwa,NYAMBOA,Bwa,
15013,nwi,Wider Nowai,"TANNA, SOUTHWEST",,
3974,nxq,West Naxi,NAXI,West Naxi,
20857,nya,Chewa,CHICHEWA,Chewa,
144539,nyd,Nyore,OLUNYOLE,Nyore,
20117,nyf,Giryama,GIRYAMA,Giryama,
588,nyk,Nyaneka,NYANEKA,Nyaneka,
14089,nym,Nyamwezi,NYAMWEZI,Nyamwezi,
20859,nyn,Ankole,RUNYANKOLE,Ankole,
20861,nyo,Nyoro-Toro,RUNYORO,Nyoro-Toro,
8523,nyu,Nyungwe,NYUNGWE,Nyungwe,
53401,nyy,Nyakyusa,KINYAKYUSA (TANZANIA),Nyakyusa,
184510,nyy,Ngonde,NGONDE,Ngonde,
2329,nza,East Mbembe,"MBEMBE, TIGON",,
4312,nzb,Nzebi,NJEBI,Nzebi,
5213,nzi,Nzema,NZEMA,Nzema,
3161,nzk,Nzakara,NZAKARA,Nzakara,
101677,nzm,Ze,"NAGA, ZEME",Ze,
9194,nzs,New Zealand Sign Language,NEW ZEALAND SIGN LANGUAGE,New Zealand English,New Zealand Sign Language
53403,obo,Obo,OBO MANOBO,Obo,
184537,odk,Od,"OD, RAJPUT",Od,
184811,odk,Od,OADKI,Od,
21236,ogo,Wider Kana,OGONI,,
3001,ojw,Western Ojibwa,"OJIBWA, WESTERN",Southwest Ojibwa,Western Ojibwa
7266,oki,Okiek,OKIEK,,
9346,okr,Krika,OKRIKA,Krika,
144701,oku,Kuo,OKU,Kuo,
144702,okv,Orokaiva,OROKAIVA,,
144705,old,Mochi,MOCHI,Mochi,
184573,olu,Kuvale,KUVALE,Herero,Kuvale
144776,omb,East Aoban,"AMBAE, EAST",,
15220,omi,Wider Kaliko,OMI,,
155279,omw,Omwunra Toqura,OMWUNRA-TOQURA,Omwunra Toqura,
3964,onb,Lingao,LINGAO,Lingao,
144792,ons,East Ono,ONO,,
143460,ort,Adiwasi Odia,"ORIYA, ADIVASI",Adiwasi Odia,
185002,ort,Kolai,KUTIA,Palasi,Kolai
184528,ory,Odia,ODIA,Odia,
16640,osi,Osing,OSING,Osing,
143465,oso,Ososo,OSOSO,Ososo,
5089,oss,Ossetian,OSETIN,,
143469,otd,Danum,OT DANUM,Danum,
171233,otd,Danum,UUD DANUM,Danum,
8158,ote,Mezquital,"OTOMI, MEZQUITAL",Mezquital,
8156,otm,Huehuetla,"OTOMI, EASTERN",Huehuetla,
8154,otq,Queretaro,"OTOMI, WESTERN",Queretaro,
143475,otr,Toro,OTORO,Toro,
1795,oym,Oyampi Puku,"WAYAMPI, AMAPARI",Oyampi Puku,
1796,oym,Oyapock,"WAYAMPI, OIAPOQUE",Oyapock,
1794,pab,Paresi,PARECIS,Paresi,
143573,pae,Mveda,PAGABETE,Mveda,
12606,pag,Pangasinan,PANGASINAN,Pangasinan,
184475,pak,Parakana,PARAKANA,Parakana,
20871,pam,Ka-Pampangan,KAPAMPANGAN,Ka-Pampangan,
46771,pan,Panjabi,PUNJABI,Panjabi,
9131,pap,Papiamento,PAPIAMENTU,Papiamento,
10589,pau,Palau,PALAUAN,Palau,
4181,pbb,Paez,PAEZ,Paez,
15088,pbh,Enyapa,PANARE,Enyapa,
5446,pbo,Papel,PAPEL,Papel,
14084,pbr,Pangwa,PANGWA,Pangwa,
8145,pbs,Central Pame,"PAME, CENTRAL",Central Pame,
10519,pbt,Paktyan Pashto,"PASHTO, SOUTHERN",Paktyan Pashto,
374,pbu,Yusufsai,"PASHTO, YUSUFZAI",Pakhto,Yusufsai
184820,pbu,Pashto,"PASHTO, EASTERN AFGHAN",Pashto,
5973,pbv,Pnar,PNAR,Pnar,
3960,pcc,Buyi,BOUYEI,Buyi,
139132,pcc,Gui Zhou,BOUYEI ANSHUN,Gui Zhou,
3957,pce,Pale,"PALAUNG, PALE",Pale,
5969,pcg,Paniya,PANIYA,Paniya,
5968,pch,Pradhan,PARDHAN,Maria,Pradhan
5967,pci,Dhurwa,DURUWA,Parji,Dhurwa
5961,pck,Wider Paite Chin,"CHIN, PAITE",,
5960,pcl,Paradhi,PARDHI,Paradhi,
22176,pcm,Enpi,NIGERIAN PIDGIN ENGLISH,Enpi,
1278,pdt,Mennoniten Plaut,PLAUTDIETSCH,Mennoniten Plaut,
21773,pdu,Daung,KAYAN,Daung,
5956,peg,Pengo,PENGO,Pengo,
15213,pem,Phende,PHENDE,Phende,
6788,pes,West Farsi,"FARSI, WESTERN",Farsi Formal,West Farsi
143668,pgg,Pangwali,PANGWALI,Bhadrawahi,Pangwali
143753,pib,Piro,YINE,Piro,
4178,pid,Piaroa,PIAROA,Piaroa,
26497,pil,Yo,YOM,Yo,
143762,pio,Piapoko,PIAPOCO,,
51689,pip,Pero,PIPERO,Pero,
13316,pis,Solomonic Creole,PIJIN,Solomonic Creole,
143768,piw,Pimbwe,PIMBWE,Pimbwe,
7248,pkb,Malachini,"POKOMO, LOWER",Malachini,
184901,pkb,Pokomo,KIMPOKOMU,Pokomo,
7251,pko,Pokoot,POKOOT,Pokoot,
53402,plj,Zul,ZUL,Zul,
10500,plk,Kohistani Shina,"SHINA, KOHISTANI",Shinaki,Kohistani Shina
7761,plt,Merina,MALAGASY,Merina,
143851,pma,Wider Paama,PAAMA,,
19521,pmf,Central Pamona,PAMONA,,
153397,pmf,Potaa,TAA,Potaa,
184557,pmx,Poumei Naga,POUMAI NAGA,Poumei Naga,
100882,pmy,Irianese Malay,"MALAY, PAPUAN",Irianese Malay,
5949,pnb,Lahnda,"PANJABI, WESTERN",Lahnda,
143962,pny,Pinyi,PINYIN,Pinyi,Pinyi
8134,poe,Atzingo,"POPOLOCA, SAN JUAN ATZINGO",Atzingo,
15210,pof,Wider Poke,POKE,,
153550,poh,East Pocomchi,EASTERN POQOMCHI,East Pocomchi,
153551,poh,West Pocomchi,WESTERN POQOMCHI,West Pocomchi,
8133,poi,Popoluca Sierra,"POPOLUCA, SIERRA",Popoluca Sierra,
4451,pol,Polish,POLISH,Polish,
20880,pon,Wider Ponapean,POHNPEIAN,,
584,por,Brazilian,"PORTUGUESE, BRAZIL",Brazilian,
21064,por,Portugal Formal,"PORTUGUESE, PORTUGAL",Portuguese Formal,Portugal Formal
5059,pov,Guinean,"CRIOULO, UPPER GUINEA",Guinean,
8130,pow,Otlaltepec,"POPOLOCA, SAN FELIPE OTLALTEPEC",Otlaltepec,
127283,poy,Pogolu,POGORO,Pogolu,
144064,ppo,Podopa,FOLOPA,,
101096,pps,Temalacayuca,"POPOLOCA, SAN LUIS TEMALACAYUCA",Temalacayuca,
12518,prf,Paranan,PARANAN,Paranan,
53400,prs,Dari,DARI,Dari,
144134,psc,Persian Sign Language,PERSIAN SIGN LANGUAGE,Farsi Formal,Persian Sign Language
17760,pse,Serawai,SERAWAI,Serawai,
17773,pse,Pasemah,PASEMAH,Pasemah,
17785,pse,Ogan,OGAN,Ogan,
139166,ptq,,PATTAPU,,
154090,ptt,Enrekang,ENREKANG,Enrekang,
144251,pui,Wider Puinabe,PUINAVE,,
4310,puu,Punu,PUNU,Punu,
12603,pwm,Molbog,MOLBOG,Molbog,
8714,pwo,Pwo,"KAREN, PWO",Pwo,
101328,pwr,Powari,POWARI,Bundeli,Powari
14358,pww,Omkoi,"KAREN, PWO OMKOI",Pwo,Omkoi
144313,pye,East Grebo,"KROUMEN, PYE",,
178026,pym,Outer Fyam,PYAM,,
12422,qub,Huallaga,"QUECHUA, HUANUCO, HUALLAGA",Huanuco,Huallaga
5398,quc,Quiche Joyabaj,"QUICHE, JOYABAJ",Quiche Joyabaj,
5399,quc,Central Quiche,"QUICHE, CENTRAL",Central Quiche,
5425,quc,Central West Quiche,"QUICHE, WEST CENTRAL",Quiche Cantel,Central West Quiche
139116,quc,Quiche Cunen,"KICHE, CUNEN",Quiche Cunen,
12421,quf,Lambayeque,"QUECHUA, LAMBAYEQUE",Lambayeque,
4481,qug,Chimborazo,"QUICHUA, HIGHLAND, CHIMBORAZO",Chimborazo,
633,quh,Quechua,"QUECHUA, SOUTH BOLIVIAN",Quechua,
1428,qul,Apolo,"QUECHUA, NORTH BOLIVIAN",Apolo,
144330,qup,South Pastaza,"QUECHUA, SOUTHERN PASTAZA",South Pastaza,
12402,quy,Ayucucho,"QUECHUA, AYACUCHO",Ayucucho,
12399,quz,Cuzco,"QUECHUA, CUZCO",Cuzco,Cuzco
144393,qva,Ambo Pasco,"QUECHUA, AMBO-PASCO",Ambo Pasco,
27039,qve,Apurimac,"QUECHUA, EASTERN APURIMAC",Ayucucho,Apurimac
12441,qvh,Humalies,"QUECHUA, HUANUCO, HUAMALIES-NORTHERN DOS DE MAYO",Huanuco,Humalies
144395,qvi,Imbabura,"QUICHUA, IMBABURA HIGHLAND",Imbabura,
26302,qvm,Margos Chaulan,"QUECHUA, MARGOS-YAROWILCA-LAURICOCHA",Huanuco,Margos Chaulan
12428,qvn,Junin,"QUECHUA, NORTH JUNIN",Junin,
184501,qvs,Lamista,"KECHWA, SAN MARTIN",Lamista,
184547,qvw,Huanca,IDIOMA WANCA,Huanca,
12461,qwh,Huailas,"QUECHUA, ANCASH, HUAYLAS",Central Ancash,Huailas
144408,qxh,Panao,"QUECHUA, PANAO HUANUCO",Huanuco,Panao
12449,qxn,Conchucos,"QUECHUA, ANCASH, CONCHUCOS, NORTHERN",East Ancash,Conchucos
12445,qxo,South Conchucos,"QUECHUA, ANCASH, CONCHUCOS, SOUTHERN",East Ancash,South Conchucos
184529,qxq,Qashqai,QASHQA'I,Qashqai,
144413,qxr,Canar,"QUICHUA, CANAR HIGHLAND",Cuenca,Canar
50165,rab,Chamling,CHAMLING,Chamling,
144481,rad,Rade,RADE,,
20785,rag,Logooli,LURAGOLI,Logooli,
5934,rah,Rabha,RABHA,Rabha,
101512,ram,Canela,CANELA,Canela,
144489,rao,Rao,RAO,Rao,
176906,rar,Wider Rarotongan,COOK ISLANDS MAORI,,
5930,raw,Mut Wang,RAWANG,Mut Wang,
3936,rbb,Rumai,"PALAUNG, RUMAI",Rumai,
12923,rcf,Reunionnais,REUNION CREOLE FRENCH,Reunionnais,
17769,rej,Rejang,REJANG,,
7238,rel,Rendille,RENDILLE,Rendille,
10048,res,Reshe,RESHE,,
24263,rhg,Rohingya,ROHINGYA,Rohingya,
175097,ria,Riang,KAU BRU,Riang,
101621,rif,Rift,TARIFIT,Rift,
184497,rif,Rift,TARIFIT (ABS),Rift,
184498,rif,Rift,TARIFIT (LBS),Rift,
14248,rim,Turu,NYATURU,Turu,
23548,rjs,Bahe,"RAJBANSHI, NEPAL",West Kamarupa,Bahe
1869,rkb,Rikbaktsa,RIKBAKTSA,Rikbaktsa,
101630,rki,Rakhaing,RAKHINE,Arakanese,Rakhaing
23226,rkt,Rajbangshi,"RAJBANGSI, INDIA",West Kamarupa,Rajbangshi
101632,rkt,Rajbangshi,RANGPURIA BANGLA,West Kamarupa,Rajbangshi
4450,rmc,Carpathian Romani,"ROMANI, CARPATHIAN",Carpathian Romani,
1953,rmn,Ursari,"ROMANI, BALKAN",Ursari,
184455,rmn,Ursari,"ROMANI, BALKAN-ROMANIA",Ursari,
1113,rmo,Sinti,"ROMANI, SINTE",Sinti,
139134,rmq,Calo,"CHIBI, SETENTRIONAL",Calo,
12961,rms,Romanian Sign Language,ROMANIAN SIGN LANGUAGE,Romanian Formal,Romanian Sign Language
427,rmt,Nawar,NAWARY,Domari,Nawar
175683,rmt,Domari,DOM,Domari,
21027,rmy,Kalderashicqo,"ROMANI, KALDERASH, WESTERN",Vlach,Kalderashicqo
22334,rmy,Vlach,"ROMANI, CALDARASI",Vlach,
583,rnd,Ruund,RUUND,Ruund,
8520,rng,Ronga,RONGA,Ronga,
19317,rog,Noang,"ROGLAI, NORTHERN",Noang,
12602,rol,Rombloma,ROMBLOMANON,Rombloma,
5546,ron,Romanian,ROMANIAN,Romanian,
1944,rsl,Russian Sign Language,RUSSIAN SIGN LANGUAGE,Russian,Russian Sign Language
23313,rtw,Rathavi,RATHAWI,Rathavi,
14710,rub,Gungu,GUNGU,Gungu,
139185,ruc,Ruli,RURUULI-RUNYALA,Ruli,
132358,ruf,Lugulu,LUGHURU,Lugulu,
143435,rug,Roviana Vehicular,ROVIANA,Roviana Vehicular,
20896,run,Burundian,KIRUNDI,Burundian,
176089,rup,Aromanian,ARUMANIAN,,
3934,rus,Russian,RUSSIAN,Russian,
20899,rus,Russkiy General,CENTRAL ASIAN RUSSIAN,Russian,Russkiy General
171395,rwm,Amba,KWAMBA,Amba,
11329,rwo,Raua,RAWA,,
6209,rwr,Rajasthani Marwari,MARWARI,Rajasthani Marwari,
10601,sab,Bokota,BUGLERE,Bokota,
3156,sag,Sango,SANGO,Sango,
18379,sah,Sakha,YAKUT,Sakha,
17040,saj,Sahu,SAHU,,
7237,saq,Sampur,SAMBURU,Sampur,
184500,saq,Njemps,ILCHAMUS,Njemps,
17249,sas,Lombok,SASAK,,
24249,sat,Santali,"SANTALI, INDIA",Santali,
143610,sav,Safen,SAAFI-SAAFI,Safen,
10040,say,Saya,SAYA,Saya,
5920,saz,East Saurashtri,SAURASHTRA,East Saurashtri,
2303,sba,Ngambai,NGAMBAY,Ngambai,
2018,sbd,Goe,SAMO,,
14236,sbk,Safwa,SAFWA,Safwa,
20199,sbp,Sangu,SANGU,Sangu,
15796,sby,Soli,SOLI,Soli,
143690,scg,Sanggau,SANGGAU,Sanggau,
20902,sck,Sadani,SADANI,Sadani,
5918,scl,Shinaki,SHINA,Shinaki,
21247,sda,Toraja Barat,TORAJA,Toraja Barat,
111677,sdh,Kermanshahi,KERMANSHAHI,Kurdi,Kermanshahi
23797,sdr,Oraon Sadri,"SADRI, ORAON",Oraon Sadri,
15990,sef,Cebaa,"SENOUFO, CEBAARA",Cebaa,
8513,seh,Sena,SENA,Sena,
53370,ses,Gao Kine,"SONGHAY, GAO",East Songhai,Gao Kine
102234,sev,Nyarafolo,"SENOUFO, NYARAFOLO",Nyarafolo,
142332,sfe,"Subanen, Eastern","SUBANEN, EASTERN","Subanen, Eastern",
5210,sfw,Sehwi,SEHWI,Sehwi,
12596,sgb,Mag Anchi,"AYTA, MAG-ANTSI",Mag Anchi,
7321,sgc,Kipsigiis,"KALENJIN, KIPSIGIS",Kipsigiis,
20208,sgh,Shughni,SHUGHNI,Shughni,
142339,sgj,Surgujia,SURGUJIA,Chhattisgarhi,Surgujia
4676,sgw,Chaha,"GURAGE, WEST",Gura,Chaha
102259,shb,Yanam,YANOMAMI NINAM,Yanam,
507,shi,Shleuh,TACHELHIT,Shleuh,
13848,shk,Shilluk,SHILLUK,,
8684,shn,Shan,SHAN,Shan,
12392,shp,Coni,SHIPIBO-CONIBO,Coni,
20919,shr,Shi,MASHI,Shi,
20531,shu,Shuwa,"ARABIC, CHADIAN SPOKEN",Shuwa,
139091,shy,Shawiya,Tacawit,Shawiya,
131700,sid,Sidamo,SIDAAMA,Sidamo,
151261,sie,Makoma,MAKOMA,Makoma,
5209,sig,Paasa,PASAALE,Paasa,
5206,sil,Sisaa,"SISAALA, TUMULUNG",Sisaa,
13172,sin,Sinhalese,SINHALA,Sinhalese,
24218,sjm,Mapun,JAMA MAPUN,Mapun,
23316,sjp,Sotipura,SURJAPURI,Maithili,Sotipura
142536,sjr,Wider Lambon,SIAR-LAK,,
24120,skg,West Malagasy,SAKALAVA ANALALAVA,,
24121,skg,Sakalava Ambongo,SAKALAVA BESALAMPY,Sakalava Ambongo,
142631,ski,Sara Krow,SIKA,Sara Krow,
23775,skn,Central Kolibugan,"SUBANON, KOLIBUGAN",Central Kolibugan,
5907,skr,Siraiki,SARAIKI,Siraiki,
20196,skt,Sakata,SAKATA,Sakata,
142642,skx,Northeast Seko,SEKO PADANG,,
5545,slk,Slovak,SLOVAK,Slovak,
142753,slu,Selaru,SELARU,Selaru,
1112,slv,Slovenian,SLOVENIAN,Slovenian,
17556,sly,Salayar,SELAYAR,Salayar,
12589,smk,Bolinao,BOLINAO,Bolinao,
12588,sml,Siasi,"SAMA, CENTRAL",Siasi,
530,smo,Wider Samoa,SAMOAN,,
17226,smw,Sumbawa,SUMBAWA,Sumbawa,
8506,sna,Shona,SHONA,Shona,
20211,sna,Karanga,KARANGA,Karanga,
11303,snc,Southwest Sinaugoro,SINAUGORO,,
389,snd,Sindhi Formal,SINDHI,Sindhi Formal,
151767,sne,Jagoi,BIDAYUH-JAGOI,Jagoi,
142878,snf,Non,NOON,Non,
22196,sng,Sanga,KISANGA,Sanga,
2005,snk,Soninke,SONINKE,Soninke,
12585,snl,Sangil,SANGIL,Sangil,
139183,snm,Okollo,MA'DI OKOLLO,Okollo,
4466,som,Somali,SOMALI,Somali,
15480,sop,Songe,SONGE,Songe,
7546,sot,Sotho,"SOTHO, SOUTHERN",Sotho,
20969,sou,Pak Thai,"THAI, SOUTHERN",Pak Thai,
21028,spa,South American,"SPANISH, LATIN AMERICAN",South American,
21046,spa,Castilian Spanish,"SPANISH, CASTILIAN",Castilian Spanish,
7811,spp,Supyi,"SENOUFO, SUPYIRE",Supyi,
138284,spv,Sambalpuri,SAMBALPURI,Odia,Sambalpuri
7227,spy,Sabaot,SABAOT,,
5879,srb,Sora,SORA,Sora,
6975,src,Logudorese,"SARDINIAN, LOGUDORESE",Logudorese,
18715,srm,Saramaccan,SARAMACCAN,Saramaccan,
21231,srn,Sranan,SRANAN-TONGO,Sranan,
5541,srp,Serbian,SERBIAN,Serbian,
5058,srr,Sin Sin,SERERE-SINE,Sin Sin,
26359,srx,Sirmauri,SIRMAURI,Sirmauri,
12595,ssb,South Sama,"SAMA, SOUTHERN",,
101456,ssc,Simbiti,SUBA-SIMBITI,Koria,Simbiti
24235,sse,Balingingi,"SAMA, BANGINGI",Balingingi,
10545,ssi,Sansi,SANSI,Sansi,
143207,ssn,Waata,WAATA,Orma,Waata
11259,sst,Sinasina,SINASINA,,
20947,ssw,Swazi,SISWATI,Swazi,
184521,ssy,Saho,SAHO-ERITREA,Saho,
12572,stb,Wider Tuboy Subanon,"SUBANEN, NORTHERN",,
11251,stk,Aramba,ARAMBA,Aramba,
143295,stn,Owa Raha,OWA,Owa Raha,
143300,stv,Silti,SILT'E,Silti,
12568,suc,West Suba Non,"SUBANON, WESTERN",,
143302,sue,Suena,SUENA,Suena,
14226,suk,Sukuma,SUKUMA,Sukuma,
16618,sun,Sunda Bandung,SUNDA,Sunda Bandung,
185190,sun,Sunda Bandung,SUNDA ALUS,Sunda Bandung,
4739,suq,Suri,"SURI, TIRMAGA-CHAI",Suri,
10021,sur,Mwaghavul,MWAGHAVUL,Mwaghavul,
5470,sus,Soso,SUSU,Soso,
24068,suz,Sunwar,SUNUWAR,Sunwar,
7752,swb,Maore,SHIMAORE,Maore,
23388,swc,Ngwana,"SWAHILI, CONGO",Ngwana,
4823,swe,Swedish,SWEDISH,Swedish,
23178,swh,Swahili Formal,"SWAHILI, TANZANIA",Swahili Formal,
23179,swh,Shamba,"SWAHILI, KENYA",Shamba,
22094,swi,Sui Chia,SHUI,Sui Chia,
7788,swk,Malawi Sena,"SENA, MALAWI",Sena,Malawi Sena
143387,swp,Suau Vehicular,SUAU,Suau Vehicular,
24416,swv,Shekhawati,SHEKHAWATI,Bikaneri,Shekhawati
7222,sxb,Suba,SUBA,Koria,Suba
20908,sxn,Wider Sangihe,SANGIHE,,
100227,sxw,Gbe,"GBE, SAXWE",Gbe,
20248,sya,Siang,SIANG,Siang,
53438,syc,Aramaic,SYRIAC,,
10022,syk,Sukur,SUKUR,Sukur,
1236,syl,Sylhetti,SYLHETTI,Sylhetti,
15471,szg,Sengele,SENGELE,Sengele,
18617,tab,Tabasaran,TABASSARAN,Tabasaran,
8109,tac,Rocoroibo,TARAHUMARA BAJA,Rocoroibo,
4950,tah,Tahiti Vehicular,TAHITIAN,Tahiti Vehicular,
5872,taj,East Tamang,"TAMANG, EASTERN",East Tamang,
100301,tal,Wider Tal,TAL,,
5871,tam,Tamil,TAMIL,Tamil,
10014,tan,Tangle,TANGALE,Tangle,
2000,taq,Dghaq,"TAMASHEQ, KIDAL",Mahaq,Dghaq
8108,tar,Samachique,"TARAHUMARA, CENTRAL",Samachique,
411,tat,Tatar,TATAR,Tatar,
184550,tba,Tubarao,AIKANA,Tubarao,
142010,tbc,Wider Takia,TAKIA,,
11230,tbf,Mandara,MANDARA,,
150415,tbg,Tairora,TAIRORA,,
142016,tbk,Kalamian Tagbanwa,"TAGBANWA, CALAMIAN",Kalamian Tagbanwa,
12557,tbl,Tiboli,TBOLI,,
142078,tbo,Tawala,TAWALA,Tawala,
47429,tbt,Tembo,CHITEMBO,Hunde,Tembo
17028,tby,Tabaru,TABARU,,
1318,tbz,Tammari,DITAMMARI,Tammari,
1699,tca,Ticuna,TICUNA,Ticuna,
14081,tcc,Datog,DATOOGA,,
20977,tcf,Malinaltepec,ME'PHAA,Malinaltepec,
184831,tcf,Huizapula,ME'PHAA DE HUITZAPULA,Malinaltepec,Huizapula
5829,tcy,Tulu,TULU,Tulu,
23569,tcz,Thado,KUKI,Thado,
23403,tdb,Panchpargania,PANCHPARGANIA,Magahi,Panchpargania
8989,tdg,Murmi,"TAMANG, WESTERN",Murmi,
20259,tdn,Tondanou,TONDANO,,
23192,tdx,Tandroy,ANTANDROY,Tandroy,
100677,ted,Te,"KROUMEN, TEPO",Te,
5848,tel,Telugu,TELUGU,Telugu,
139167,tel,Yanadi,NETHAKANI,Telugu,Yanadi
13098,tem,Themne,THEMNE,Themne,
20963,teo,Teso,ATESO,Teso,
20964,teo,Teso,"TESO, KENYAN",Teso,
16628,tes,Tenggerese,TENGGER,Tenggerese,
53297,tet,Wider Tetun,TETUN BELU,,
100574,tex,Tenet,TENNET,Tenet,
17110,tft,Ternate Vehicular,TERNATE,Ternate Vehicular,
24156,tgk,West Tajiki,SAMARKAND-TAJIK,Tajik,West Tajiki
24309,tgk,Tajik,TAJIK,Tajik,
12551,tgl,Tagalog,TAGALOG,Tagalog,
142360,tgp,Tangoa,TANGOA,Tangoa,
53417,tgw,North Tagbana,"SENOUFO, TAGBANA",,
13169,tha,Central Thai,THAI,Central Thai,
167552,the,Chitwan,CHITWAN THARU,Chitwan,
8982,thf,Thami,THAMI,Thami,
20269,thk,Tharaka,THARAKA,Tharaka,
23714,thl,Dangali,"THARU, DANGAURA",Dang Tharu,Dangali
185063,thl,Dangali,"DANGALI, THARU",Dang Tharu,Dangali
151150,thq,Saptari,SARLAHI THARU,Saptari,
184902,thq,Saptari,SAPTARI,Saptari,
184903,thq,Saptari,BARA THARU,Saptari,
8972,thr,Rana Thakur,RANA THARU,Rana Thakur,
13812,tic,Tira,TIRA,,
4575,tig,Tigre,TIGRE,Tigre,
4576,tir,Tigrai,"TIGRINYA, ETHIOPIA",Tigrai,
23526,tir,Khamasen,"TIGRINYA, ERITREA",Tigrai,Khamasen
2285,tiv,Tiv,TIV,Tiv,
12537,tiy,Tiruray,TIRURAY,Tiruray,
20270,tjg,Tunjung Dayak,TUNJUNG,,
23325,tkb,Buksa,BUKSA,Buksa,
26862,tke,Takwane,TAKWANE,Takwane,
139117,tkg,Taisaka,"MALAGASY, ANTESAKA",Taisaka,
142653,tkt,Kathariya,"THARU, KATHARIYA",Dang Tharu,Kathariya
100859,tlb,Tobelo,TOBELO,,
17547,tld,Talaud,TALAUD,,
22203,tlj,Talinga Bwisi,LUBWISI,Talinga Bwisi,
20965,tll,Sungu,OTETELA,Sungu,
1124,tly,Talysh,TALYSH,Talishi,Talysh
142777,tmf,Maskoy,TOBA-MASKOY,Maskoy,
41117,tnc,Tanimuca,LETUAMA-TANIMUCA,Yauna,Tanimuca
14970,tnn,Wider Tanna,"TANNA, NORTH",,
17436,tnt,Temboan,TONTEMBOAN,Temboan,
142900,toc,Totonac Coyutla,"TOTONAC, COYUTLA",Totonac Coyutla,
20285,tod,Toma,TOMA,Toma,
21094,tog,East Tonga,"TONGA, MALAWI",East Tonga,
20983,toh,Tonga,GITONGA,Tonga,
142905,toi,Wider Tonga,TONGA,,
151817,toi,Shanjo,SHANJO,Shanjo,
8093,toj,Tojolabal,TOJOLABAL,Tojolabal,
17431,tom,Bulu,TOMBULU,Bulu,
14509,ton,Wider Tongan,TONGAN,,
142907,top,Totonac Papantla,"TOTONAC, PAPANTLA",Totonac Papantla,
13805,toq,Toposa,TOPOSA,Toposa,
8089,tos,Totonac Sierra,"TOTONACA, SIERRA",Totonac Sierra,
184464,tpe,Tippera,"KOK BOROK, BANGLADESH",Tippera,
23528,tpi,Tok Pisin Creole,TOK PISIN,Tok Pisin Creole,
169287,tpj,Tapiete,NANDEVA,Guasurango,Tapiete
169301,tpl,Tlacoapa,TLAPANECO DE TLACOAPA,Tlacoapa,
5291,tpm,Tampul,TAMPULMA,Tampul,
184853,tpx,Acatepec Tlapanec,ME'PHAA DE ACATAPEC,Acatepec Tlapanec,
11150,tpz,Vasuii,VASUI,Vasuii,
169603,tqt,Totonac Ozumatlan,XINULAJGSIPIJ,Totonac Ozumatlan,
8079,trc,Copala,"TRIQUE, SAN JUAN COPALA",Copala,
143039,trn,Moxo,TRINITARIO,,
1231,trp,Kok Borok,KOK BOROK,Kok Borok,
24145,tru,Neo-Syriac,SURYOYO,Neo-Syriac,
10474,trw,Turvali,TORWALI,,
176424,tsb,Tsamakula,TSAMAKKO,Tsamakula,
20293,tsc,Tswa,TSWA,Tswa,
12535,tsg,Tau Sug,TAUSUG,Tau Sug,
23047,tsj,Sharchagpa,SHARCHOGPA,Sharchagpa,
1479,tsn,Tswana,TSWANA,Tswana,
8494,tso,Tsonga,TSONGA,Tsonga,
5019,tsv,Tsogo,TSOGO,Tsogo,
20989,tsw,Tsishingini,TSISHINGINI,Vadi,Tsishingini
8075,tsz,Tarascan,PUREPECHA,,
7807,ttq,Huwa,"TAMAJEQ, TAHOUA",Majeq,Huwa
10007,ttr,Tera,TERA,,
20967,tts,Isan,ISAN,Isan,
143321,tue,Tuyuca,TUYUCA,Waimaha,Tuyuca
2281,tui,Tupuri,TUPURI,,
420,tuk,Turkmen,TURKMEN,Turkmen,
53345,tuk,Turkmen,LEVANTINE TURKMEN,Turkmen,
9999,tul,Tula,TULA,Tula,
7786,tum,Tumbuka,TUMBUKA,Tumbuka,
1942,tur,Turk,TURKISH,Turk,
7285,tuv,Turkana,TURKANA,Turkana,
141927,tuy,North Tugen,TUGEN,North Tugen,
141928,tuz,Tyura,TURKA,,
24161,tvd,Vadi,TSUVADI,Vadi,
141931,tvk,Wider Taveak,"AMBRYM, SOUTHEAST",,
141934,tvs,Tuveta,TAVETA,Tuveta,
100107,tvw,Sedoa,SEDOA,Sedoa,
19002,twf,North Tiwa,"TIWA, NORTHERN",,
17423,txs,Tonsea,TONSEA,,
1676,txu,Cayapo,KAYAPO,Cayapo,
26972,txy,Tanosy,"MALAGASY, TANOSY",Tanosy,
3892,tyv,Tuvin,TUVIN,Tuvin,
179655,tyy,Boi,TIYAA,Boi,
8072,tzh,Bachajon,"TZELTAL, BACHAJON",Bachajon,
23135,tzh,Tzeltal,"TZELTAL, TENANGO",,
23936,tzh,Oxchuc,"TZELTAL, OXCHUC",Oxchuc,
184662,tzh,Tzeltal,"TZELTAL, TENEJAPA",,
5433,tzj,East Tzutujil,"TZUTUJIL, EASTERN",East Tzutujil,
150571,tzj,West Tzutujil,"TZUTUJIL, WESTERN",West Tzutujil,
512,tzm,Mazight,"TAMAZIGHT, CENTRAL ATLAS",Mazight,
8069,tzo,Chamula,"TZOTZIL, CHAMULA",Chamula,
100255,ubl,Buhi,"BIKOL, BUHI'NON",Buhi,
18606,udm,Udmurt,UDMURT,Udmurt,
142121,udu,Uduk,UDUK,,
410,uig,East Uyghur,UYGHUR,East Uyghur,
6278,uki,Khondi,KUI,,
14783,ukl,Ukrainian Sign Language,UKRAINIAN SIGN LANGUAGE,Ukrainian,Ukrainian Sign Language
12876,ukr,Ukrainian,UKRAINIAN,Ukrainian,
142180,ukw,Ukwuani,NDOKWA UKWUANI,Ukwuani,
142183,ulb,Lukwumi,OLUKWUMI,Gala,Lukwumi
564,umb,Umbundu,UMBUNDU,Umbundu,
1250,unr,Mundari,MUNDARI,Mundari,
100408,unx,Kera,MUNDA,Mundari,Kera
142266,upv,Uripiv,URIPIV-WALA-RANO-ATCHIN,Uripiv,
1669,urb,Kaapor,URUBU-KAAPOR,Kaapor,
407,urd,Urdu,URDU,Urdu,
9976,urh,Urhobo,URHOBO,Urhobo,
11108,uri,Urim,URIM,Urim,
11105,urt,Urakin,URAT,,
142286,usa,Usarufa,USARUFA,Usarufa,
125402,usi,Usui,USHOI,Usui,
5431,usp,Uspantec,USPANTECO,Uspantec,
160430,uth,Duka,UT-HUN,,
142293,utr,Tulo,ETULO,Tulo,
11092,uvl,Lote,LOTE,Lote,
3888,uzn,Uzbek,"UZBEK, NORTHERN",Uzbek,
406,uzs,South Uzbek,"UZBEK, SOUTHERN",South Uzbek,
5279,vag,Vaghla,VAGLA,Vaghla,
100506,vah,Varhadi,VARHADI-NAGPURI,Varhadi,
7564,vai,Vai,VAI,Vai,
142378,vap,Vaiphei,VAIPHEI,Vaiphei,
5772,vas,Vasavi,VASAVI,Vasavi,
181949,vas,Kotali,VASAVI (KOLCHE),Kotali,
5771,vav,Varli,VARLI,Varli,
13414,ven,Venda,VENDA,Venda,
125753,ver,Vere,VERRE,,
142394,vid,Vidunda,VIDUNDA,Vidunda,
3887,vie,Vietnamese,VIETNAMESE,Vietnamese,
22500,vie,Northwest Viet,"VIETNAMESE, NORTHERN",Vietnamese,Northwest Viet
4295,vif,Vili,VILI,Vili,
16695,vkt,Kutai Tenggarong,"MALAY, TENGGARONG KUTAI",Kutai,Kutai Tenggarong
8038,vmc,Juxtlahuaca,"MIXTECO, CENTRAL JUXTLAHUACA",Silacayoapan,Juxtlahuaca
142483,vmw,Makhuani,MAKHUWA,Makhuani,
184505,vmw,Mithupi,"MAKHAU, TANZANIA",Mithupi,
24141,vun,Wunjo,VUNJO-CHAGGA,Wunjo,
142589,wad,Wandamen,WONDAMA,Wandamen,
4734,wal,Wollamo,WOLAYTTA,Wollamo,
12533,war,Samarenyo,WARAY-WARAY,,
100773,wau,Waura,WAURA,Waura,
5500,wba,Guarao,WARAO,Guarao,
20318,wbi,Wanji,VWANJI,Wanji,
142694,wbj,Si,ALAGWA,Si,
144886,wbm,Wa,"WA, VO",Wa,
5767,wbq,Vadari,WADDAR,Telugu,Vadari
5766,wbr,Wagadi,WAGDI,Wagadi,
184583,wer,Weli,AMAM,,
2261,wes,Kamtok,"PIDGIN, CAMEROON",Kamtok,
21002,wew,Weyewa,WEWEWA,Weyewa,
11052,wiv,Vitu,VITU,Vitu,
9959,wja,Waja,WAJA,Waja,
9955,wji,Sar,WARJI,Sar,
17408,wlo,Wolio,WOLIO,Wolio,
5276,wlx,Waa,WALI,Waa,
99766,wmd,Mamainde,MAMAINDE,Cabixi,Mamainde
20324,wmm,Maiwa,MAIWA,Maiwa,
142964,wms,North Wambon,WAMBON,North Wambon,
8486,wmw,Wider Mwani,MWANI,,
10461,wne,Wanechi,WANECI,Wanechi,
7897,wol,Wolof,WOLOF,Wolof,
143147,wrp,Waropen,WAROPEN,Waropen,
99886,wry,Ajmeri,MERWARI,Ajmeri,
180517,wsg,Adilabad Gondi,SOUTHERN GONDI (ADILABAD),Gondi,Adilabad Gondi
143157,wsk,Waskia,WASKIA,Waskia,
11033,wtk,Watakataui,WATAKATAUI,Watakataui,
99933,wun,Bungu,BUNGU,Bungu,
20623,wuu,Shanghainese,SHANGHAINESE,Shanghainese,
1313,wwa,Waa,WAAMA,Waa,
3832,xal,Kalmyk,KALMYK-OIRAT,Kalmyk,
4724,xan,Xamtanga,XAMTANGA,Xamtanga,
1759,xav,Xavante,XAVANTE,,
20944,xbr,Kambera Vehicular,KAMBERA,Kambera Vehicular,
143339,xdy,Suhaid,MALAYIC DAYAK,Selako,Suhaid
143340,xed,Turu,HDI,Turu,
13408,xho,Xhosa,XHOSA,Xhosa,
184496,xis,Kurux,Kisan,,
5076,xmf,Megreli,MINGRELIAN,Megreli,
24314,xmm,Manado Malay,MANADO,Manado Malay,
7750,xmv,Tankarana,"MALAGASY, ANTANKARANA",Tankarana,
20805,xmw,Tsimihety,TSIMIHETY,Tsimihety,
20084,xnj,North Ngoni,CHINGONI,North Ngoni,
12696,xnn,Kankanay,"KANKANAY, NORTHERN",Kankanay,
5625,xnr,Kangri,KANGRI,Kangri,
20926,xog,Soga,LUSOGA,Soga,
5302,xon,Kpekpam,KONKOMBA,Kpekpam,
108321,xon,Koon,LIKOONL,Koon,
7609,xpe,Kpele,"KPELLE, LIBERIA",Kpele,
20905,xsb,Tina,SAMBAL,Tina,
20223,xsl,Slavey,SLAVEY,Slavey,
22909,xsm,Kasim,"KASEM, BURKINA FASO",,
22910,xsm,Kasim,"KASEM, GHANA",,
142134,xsn,Sanga,SANGA,Sanga,
3929,xsr,Sherpa,SHERPA,Sherpa,
1720,xsu,Tsanuma,SANUMA,,
13719,xtc,Miri,KATCHA-KADUGLI-MIRI,Miri,
8294,xtd,Diuxi,"MIXTECO, DIUXI-TILANTONGO",Diuxi,
142141,xte,Kupel,KETENGBAN,,
142146,xtm,Santa Magdalena Penasco,"MIXTEC, MAGDALENA PENASCO",Yucuane,Santa Magdalena Penasco
23992,xtn,Teposcolula,"MIXTECO, MONTE VERDE",Numi,Teposcolula
142214,xuj,Jennu Kurumba,"KURUMBA, JENNU",Jennu Kurumba,
2641,xuo,Kuo,KUO,Kuo,
581,xuu,Xu,XUN,Xu,
142312,yaa,Yami,YAMINAHUA,Yami,
139126,yaf,Wider Yaka,"YAKA, D R C",,
5468,yal,Yalunka,YALUNKA,Yalunka,
2249,yam,Yamba,YAMBA,Yamba,
7773,yao,Yao,YAO,Yao,
184489,yao,South Yao,"YAO, TANZANIA",Yao,South Yao
8381,yap,Yap,YAPESE,Yap,
8026,yaq,Yaqui,YAQUI,Yaqui,
108591,yay,Rei,EREI,Rei,
23154,yaz,Ko,LOKAA,Ko,
9940,yba,Yala,YALA,Yala,
19504,ybb,Dschang,YEMBA,Dschang,
100282,ybh,Yakkha,YAKHA,Yakkha,
4148,ycn,Yucuna,YUCUNA,Yucuna,
5130,ydd,Yiddish,YIDDISH,,
142491,yea,Adiyan,RAVULA,,Adiyan
9930,yer,Wider Taroh,TAROK,,
23326,yeu,Yerukula,YERUKULA,Yerukula,
100453,yim,Yimchungru,"NAGA, YIMCHUNGRU",South Yimchungru,Yimchungru
12529,yka,Yakan,YAKAN,Yakan,
3144,yky,Yakoma,YAKOMA,Yakoma,
13376,ymm,Maay,MAAY,Maay,
168775,ynq,Wider Yendam,YANDANG,,
24095,yns,Yans,IYANSI,Yans,
22195,yom,Yombe,KIYOMBE,Yombe,
10981,yon,Yonggom,YONGGOM,Yonggom,
1308,yor,Yoruba,YORUBA,Yoruba,
21012,yua,Wider Maya,MAYAN,,
20601,yue,Cantonese,CANTONESE,Cantonese,
9905,yun,Buna,YUNGUR,Buna,
142985,yuz,Yuracare,YURACARE,Yuracare,
142986,yva,Yawa Maninon,YAWA,Yawa Maninon,
22847,ywq,Dian Dongbei,"NASU, EASTERN",Dian Dongbei,
8023,zaa,Atepec,"ZAPOTECO, SIERRA DE JUAREZ",Ixtlan,Atepec
8021,zab,Guelavia,"ZAPOTECO, SAN JUAN GUELAVIA",Tlacolula,Guelavia
8014,zai,Zapotec Istmo,"ZAPOTECO, ISTHMUS",Zapotec Istmo,
143175,zaj,Zalamo,ZARAMO,Zalamo,
14064,zak,Zanaki,ZANAKI,Zanaki,
100807,zat,Tabaa,"ZAPOTEC, TABAA",Villa Alta,Tabaa
8000,zaw,Mitla,"ZAPOTECO, MITLA",Tlacolula,Mitla
152162,zay,Zayse,ZAYSE,Zayse,
23181,zch,"Zhuang, Central Hongshuihe","ZHUANG, NORTHERN (HONGSHUIHE)","Zhuang, Central Hongshuihe",
15903,zdj,Ngazidya,"COMORIAN, SHINGAZIDJA",Ngazidya,
14159,zga,Kinga,KINGA,Kinga,
143265,zhn,"Zhuang, Nong","ZHUANG, NONG","Zhuang, Nong",
143268,zia,Zia,ZIA,Zia,
152300,zia,Mawae,MAWAE,Mawae,
14183,zin,Jinja,ZINZA,Jinja,
14060,ziw,Zigula,ZIGULA,Zigula,
1927,zlm,Malaysian,MALAY,Malaysian,
15538,zmb,Zimba,ZIMBA,Zimba,
143356,zmz,Mbanja,MBANDJA,Mbanja,
23524,zne,Zande,"ZANDE, DRC",Zande,
23525,zne,Sueh,"ZANDE, SOUTH SUDAN",Zande,Sueh
7988,zos,Zoque Francisco Leon,"ZOQUE, FRANCISCO LEON",Zoque Francisco Leon,
26934,zpf,Quiatoni,"ZAPOTEC, SAN PEDRO QUIATONI",Tlacolula,Quiatoni
7960,zpu,Yalalag,"ZAPOTECO, YALALAG",Yalalag,
5935,zrg,Wider Oriya,MIRGAN,,
7954,zsr,South Rincon,"ZAPOTECO, SOUTHERN RINCON",Villa Alta,South Rincon
7946,ztp,East Loxicha,"ZAPOTECO, WESTERN POCHUTLA",East Loxicha,
23972,ztp,East Loxicha,"ZAPOTECO, SAN AGUSTIN LOXICHA",East Loxicha,
7547,zul,Zulu,ZULU,Zulu,
18922,zun,Zuni,ZUNI,Zuni,
23180,zyb,Northern Zhuang,"ZHUANG, NORTHERN (YONGBEI)",Northern Zhuang,
99910,zyj,Yu Chiang,"ZHUANG, YOUJIANG",Yu Chiang,
13192,,Hainanese,HAINANESE,,
23075,,Chao Shan,TEOCHEW,Chao Shan,
184515,,Central Quan Zhang,"CHINESE, HOKKIEN AMOY",Central Quan Zhang,
184819,,Min Nan Emigre,PENANG HOKKIEN,Central Quan Zhang,Min Nan Emigre
